evaluation_id,employee_id,period,evaluation_date,tasks_completed,projects_completed,task_complexity_avg,timeliness_score,kpi_score,overtime_contribution,attendance_discipline,technical_score,soft_skills_score,work_life_balance,productivity_score,overall_score,performance_rating,bonus_eligible,bonus_pct_if_eligible,evaluated_by
EVAL-EMP-0001-2024-H1,EMP-0001,2024-H1,2024-06-30,3,0,1.5,82.2,81.6,0,80.7,27.6,71.6,3.6,39.8,48.7,Needs Improvement,False,5,
EVAL-EMP-0001-2024-H2,EMP-0001,2024-H2,2024-12-31,3,0,1.5,82.2,81.6,0,80.7,27.6,71.8,4.4,39.8,48.7,Needs Improvement,False,5,
EVAL-EMP-0001-2025-H1,EMP-0001,2025-H1,2025-06-30,2,0,1.5,82.2,81.6,0,80.7,23.1,72.1,5.0,33.2,46.4,Needs Improvement,False,5,
EVAL-EMP-0001-2025-H2,EMP-0001,2025-H2,2025-12-31,3,0,1.5,82.2,81.6,0,80.7,27.6,72.8,4.3,39.8,49.1,Needs Improvement,False,5,
EVAL-EMP-0002-2024-H2,EMP-0002,2024-H2,2024-12-31,1,0,1.5,77.5,57.8,0,80.6,20.4,60.8,3.8,29.1,41.0,Needs Improvement,False,4,EMP-0150
EVAL-EMP-0002-2025-H1,EMP-0002,2025-H1,2025-06-30,1,0,1.5,77.5,57.8,0,80.6,20.4,60.7,4.1,29.1,40.9,Needs Improvement,False,4,EMP-0150
EVAL-EMP-0002-2025-H2,EMP-0002,2025-H2,2025-12-31,1,0,1.5,77.5,57.8,0,80.6,20.4,62.1,3.8,29.1,41.4,Needs Improvement,False,4,EMP-0150
EVAL-EMP-0003-2024-H2,EMP-0003,2024-H2,2024-12-31,7,0,1.5,68.9,69.3,0,63.5,34.4,61.0,3.9,50.1,47.6,Needs Improvement,False,4,EMP-0134
EVAL-EMP-0003-2025-H1,EMP-0003,2025-H1,2025-06-30,7,0,1.5,68.9,69.3,0,63.5,34.4,61.6,4.3,50.1,47.8,Needs Improvement,False,4,EMP-0134
EVAL-EMP-0004-2024-H2,EMP-0004,2024-H2,2024-12-31,8,0,3.5,78.9,64.3,0,75.4,41.9,60.6,4.3,59.3,52.4,Needs Improvement,False,12,EMP-0154
EVAL-EMP-0005-2025-H1,EMP-0005,2025-H1,2025-06-30,1,0,1.5,79.6,61.6,0,71.5,20.6,59.5,4.9,29.4,40.0,Needs Improvement,False,4,EMP-0182
EVAL-EMP-0005-2025-H2,EMP-0005,2025-H2,2025-12-31,1,0,1.5,79.6,61.6,0,71.5,20.6,58.2,5.0,29.4,39.5,Needs Improvement,False,4,EMP-0182
EVAL-EMP-0006-2024-H2,EMP-0006,2024-H2,2024-12-31,3,0,1.5,80.0,65.8,0,76.2,27.3,62.8,4.5,39.5,44.9,Needs Improvement,False,4,EMP-0069
EVAL-EMP-0006-2025-H1,EMP-0006,2025-H1,2025-06-30,2,0,1.5,80.0,65.8,0,76.2,22.9,62.0,3.8,32.8,42.2,Needs Improvement,False,4,EMP-0069
EVAL-EMP-0007-2024-H2,EMP-0007,2024-H2,2024-12-31,4,0,1.5,70.1,60.4,0,62.1,29.0,55.7,4.0,42.0,42.6,Needs Improvement,False,4,EMP-0131
EVAL-EMP-0007-2025-H1,EMP-0007,2025-H1,2025-06-30,4,0,1.5,70.1,60.4,0,62.1,29.0,56.1,4.7,42.0,42.7,Needs Improvement,False,4,EMP-0131
EVAL-EMP-0008-2024-H2,EMP-0008,2024-H2,2024-12-31,4,0,1.5,57.2,70.1,1,46.1,26.3,73.5,3.1,37.9,46.4,Needs Improvement,False,5,EMP-0137
EVAL-EMP-0009-2025-H1,EMP-0009,2025-H1,2025-06-30,1,0,1.5,62.9,61.6,0,62.6,20.0,55.4,3.9,25.5,37.5,Needs Improvement,False,4,EMP-0115
EVAL-EMP-0009-2025-H2,EMP-0009,2025-H2,2025-12-31,1,0,1.5,62.9,61.6,0,62.6,20.0,55.5,3.9,25.5,37.5,Needs Improvement,False,4,EMP-0115
EVAL-EMP-0010-2024-H1,EMP-0010,2024-H1,2024-06-30,2,0,1.5,85.3,71.4,0,84.7,23.4,67.1,4.7,33.6,45.0,Needs Improvement,False,4,EMP-0100
EVAL-EMP-0010-2024-H2,EMP-0010,2024-H2,2024-12-31,3,0,1.5,85.3,71.4,0,84.7,27.9,67.4,3.9,40.3,47.5,Needs Improvement,False,4,EMP-0100
EVAL-EMP-0011-2025-H1,EMP-0011,2025-H1,2025-06-30,5,0,2.5,71.4,68.9,0,67.7,33.8,62.1,3.9,48.2,47.7,Needs Improvement,False,8,EMP-0064
EVAL-EMP-0011-2025-H2,EMP-0011,2025-H2,2025-12-31,6,0,2.5,71.4,68.9,0,67.7,37.1,61.3,4.1,53.2,49.3,Needs Improvement,False,8,EMP-0064
EVAL-EMP-0012-2025-H1,EMP-0012,2025-H1,2025-06-30,4,0,1.5,79.9,67.3,1,79.6,30.0,74.5,2.9,43.5,50.7,Needs Improvement,False,4,
EVAL-EMP-0012-2025-H2,EMP-0012,2025-H2,2025-12-31,4,0,1.5,79.9,67.3,1,79.6,30.0,75.3,2.5,43.5,51.0,Needs Improvement,False,4,
EVAL-EMP-0013-2023-H2,EMP-0013,2023-H2,2023-12-31,5,0,2.5,85.3,69.0,1,80.0,35.2,77.4,2.9,50.3,54.8,Needs Improvement,False,7,EMP-0158
EVAL-EMP-0013-2024-H1,EMP-0013,2024-H1,2024-06-30,5,0,2.5,85.3,69.0,1,80.0,35.2,78.9,3.4,50.3,55.3,Needs Improvement,False,7,EMP-0158
EVAL-EMP-0013-2024-H2,EMP-0013,2024-H2,2024-12-31,5,0,2.5,85.3,69.0,1,80.0,35.2,78.2,3.3,50.3,55.1,Needs Improvement,False,7,EMP-0158
EVAL-EMP-0013-2025-H1,EMP-0013,2025-H1,2025-06-30,6,0,2.5,85.3,69.0,1,80.0,38.5,77.5,3.7,55.3,56.7,Needs Improvement,False,7,EMP-0158
EVAL-EMP-0013-2025-H2,EMP-0013,2025-H2,2025-12-31,6,0,2.5,85.3,69.0,1,80.0,38.5,77.4,3.0,55.3,56.6,Needs Improvement,False,7,EMP-0158
EVAL-EMP-0014-2025-H1,EMP-0014,2025-H1,2025-06-30,3,0,1.5,84.0,67.0,0,85.7,27.7,69.1,4.2,40.1,48.2,Needs Improvement,False,10,EMP-0043
EVAL-EMP-0014-2025-H2,EMP-0014,2025-H2,2025-12-31,3,0,1.5,84.0,67.0,0,85.7,27.7,69.1,4.6,40.1,48.2,Needs Improvement,False,10,EMP-0043
EVAL-EMP-0015-2025-H1,EMP-0015,2025-H1,2025-06-30,4,0,1.5,77.0,71.6,1,73.3,29.7,76.8,2.9,43.0,51.2,Needs Improvement,False,10,EMP-0076
EVAL-EMP-0015-2025-H2,EMP-0015,2025-H2,2025-12-31,4,0,1.5,77.0,71.6,1,73.3,29.7,76.1,2.7,43.0,50.9,Needs Improvement,False,10,EMP-0076
EVAL-EMP-0016-2025-H1,EMP-0016,2025-H1,2025-06-30,4,0,1.5,88.8,79.4,1,82.5,30.9,83.6,3.3,44.8,55.0,Needs Improvement,False,10,EMP-0141
EVAL-EMP-0016-2025-H2,EMP-0016,2025-H2,2025-12-31,4,0,1.5,88.8,79.4,1,82.5,30.9,84.7,3.5,44.8,55.4,Needs Improvement,False,10,EMP-0141
EVAL-EMP-0017-2024-H1,EMP-0017,2024-H1,2024-06-30,7,0,1.5,74.7,73.9,1,79.3,35.0,79.0,2.2,51.0,55.1,Needs Improvement,False,5,EMP-0115
EVAL-EMP-0017-2024-H2,EMP-0017,2024-H2,2024-12-31,6,0,1.5,74.7,73.9,1,79.3,31.9,79.4,2.6,46.4,53.5,Needs Improvement,False,5,EMP-0115
EVAL-EMP-0017-2025-H1,EMP-0017,2025-H1,2025-06-30,7,0,1.5,74.7,73.9,1,79.3,35.0,78.5,1.9,51.0,54.9,Needs Improvement,False,5,EMP-0115
EVAL-EMP-0017-2025-H2,EMP-0017,2025-H2,2025-12-31,6,0,1.5,74.7,73.9,1,79.3,31.9,78.0,2.6,46.4,53.0,Needs Improvement,False,5,EMP-0115
EVAL-EMP-0018-2024-H2,EMP-0018,2024-H2,2024-12-31,7,0,2.5,82.5,70.6,1,80.5,35.8,78.0,3.2,51.1,55.4,Needs Improvement,False,8,EMP-0004
EVAL-EMP-0018-2025-H1,EMP-0018,2025-H1,2025-06-30,9,0,2.5,82.5,70.6,1,80.5,40.8,78.4,3.3,58.6,58.3,Meets Expectations,False,8,EMP-0004
EVAL-EMP-0018-2025-H2,EMP-0018,2025-H2,2025-12-31,8,0,2.5,82.5,70.6,1,80.5,38.3,77.5,2.8,54.9,56.6,Needs Improvement,False,8,EMP-0004
EVAL-EMP-0019-2024-H1,EMP-0019,2024-H1,2024-06-30,3,0,1.5,78.5,79.2,1,74.4,27.2,81.6,3.1,39.3,51.5,Needs Improvement,False,5,EMP-0052
EVAL-EMP-0019-2024-H2,EMP-0019,2024-H2,2024-12-31,3,0,1.5,78.5,79.2,1,74.4,27.2,83.5,2.8,39.3,52.2,Needs Improvement,False,5,EMP-0052
EVAL-EMP-0020-2024-H2,EMP-0020,2024-H2,2024-12-31,4,0,1.5,79.5,69.3,0,77.8,30.0,65.2,4.1,43.4,47.5,Needs Improvement,False,10,EMP-0100
EVAL-EMP-0020-2025-H1,EMP-0020,2025-H1,2025-06-30,4,0,1.5,79.5,69.3,0,77.8,30.0,65.3,4.3,43.4,47.6,Needs Improvement,False,10,EMP-0100
EVAL-EMP-0020-2025-H2,EMP-0020,2025-H2,2025-12-31,4,0,1.5,79.5,69.3,0,77.8,30.0,65.0,4.5,43.4,47.5,Needs Improvement,False,10,EMP-0100
EVAL-EMP-0021-2023-H1,EMP-0021,2023-H1,2023-06-30,10,0,1.5,95.2,87.8,0,92.9,40.5,80.0,5.0,59.3,59.7,Meets Expectations,False,5,EMP-0193
EVAL-EMP-0021-2023-H2,EMP-0021,2023-H2,2023-12-31,9,0,1.5,95.2,87.8,0,92.9,38.0,81.3,4.8,55.5,58.8,Meets Expectations,False,5,EMP-0193
EVAL-EMP-0021-2024-H1,EMP-0021,2024-H1,2024-06-30,9,0,1.5,95.2,87.8,0,92.9,38.0,81.4,4.4,55.5,58.8,Meets Expectations,False,5,EMP-0193
EVAL-EMP-0021-2024-H2,EMP-0021,2024-H2,2024-12-31,9,0,1.5,95.2,87.8,0,92.9,38.0,81.4,4.5,55.5,58.8,Meets Expectations,False,5,EMP-0193
EVAL-EMP-0021-2025-H1,EMP-0021,2025-H1,2025-06-30,9,0,1.5,95.2,87.8,0,92.9,38.0,80.9,5.0,55.5,58.6,Meets Expectations,False,5,EMP-0193
EVAL-EMP-0021-2025-H2,EMP-0021,2025-H2,2025-12-31,10,0,1.5,95.2,87.8,0,92.9,40.5,80.9,4.1,59.3,60.0,Meets Expectations,False,5,EMP-0193
EVAL-EMP-0022-2025-H1,EMP-0022,2025-H1,2025-06-30,4,0,2.5,76.1,57.5,0,69.4,32.2,57.1,4.2,45.7,45.4,Needs Improvement,False,8,EMP-0115
EVAL-EMP-0022-2025-H2,EMP-0022,2025-H2,2025-12-31,4,0,2.5,76.1,57.5,0,69.4,32.2,56.5,5.0,45.7,45.2,Needs Improvement,False,8,EMP-0115
EVAL-EMP-0023-2023-H2,EMP-0023,2023-H2,2023-12-31,7,0,2.5,74.5,83.7,0,63.3,35.0,69.4,5.0,49.9,50.9,Needs Improvement,False,8,EMP-0057
EVAL-EMP-0023-2024-H1,EMP-0023,2024-H1,2024-06-30,8,0,2.5,74.5,83.7,0,63.3,37.5,68.5,4.9,53.7,51.9,Needs Improvement,False,8,EMP-0057
EVAL-EMP-0023-2024-H2,EMP-0023,2024-H2,2024-12-31,9,0,2.5,74.5,83.7,0,63.3,40.0,68.6,4.9,57.4,53.4,Needs Improvement,False,8,EMP-0057
EVAL-EMP-0023-2025-H1,EMP-0023,2025-H1,2025-06-30,8,0,2.5,74.5,83.7,0,63.3,37.5,69.9,4.8,53.7,52.4,Needs Improvement,False,8,EMP-0057
EVAL-EMP-0023-2025-H2,EMP-0023,2025-H2,2025-12-31,10,0,2.5,74.5,83.7,0,63.3,42.5,69.2,4.7,61.2,54.9,Needs Improvement,False,8,EMP-0057
EVAL-EMP-0024-2025-H1,EMP-0024,2025-H1,2025-06-30,4,0,1.5,90.4,62.7,0,86.8,31.0,63.1,5.0,45.1,48.1,Needs Improvement,False,4,EMP-0155
EVAL-EMP-0025-2024-H1,EMP-0025,2024-H1,2024-06-30,1,0,1.5,81.0,65.5,1,77.5,20.0,75.8,3.6,28.2,45.7,Needs Improvement,False,10,EMP-0134
EVAL-EMP-0025-2024-H2,EMP-0025,2024-H2,2024-12-31,1,0,1.5,81.0,65.5,1,77.5,20.0,75.9,2.7,28.2,45.8,Needs Improvement,False,10,EMP-0134
EVAL-EMP-0025-2025-H1,EMP-0025,2025-H1,2025-06-30,1,0,1.5,81.0,65.5,1,77.5,20.0,75.8,3.4,28.2,45.7,Needs Improvement,False,10,EMP-0134
EVAL-EMP-0026-2025-H1,EMP-0026,2025-H1,2025-06-30,6,0,1.5,76.4,62.7,1,74.7,33.6,72.5,2.7,49.0,51.7,Needs Improvement,False,10,EMP-0154
EVAL-EMP-0026-2025-H2,EMP-0026,2025-H2,2025-12-31,5,0,1.5,76.4,62.7,1,74.7,30.3,72.1,2.6,44.0,49.7,Needs Improvement,False,10,EMP-0154
EVAL-EMP-0027-2024-H1,EMP-0027,2024-H1,2024-06-30,6,0,2.5,62.3,80.0,0,48.5,33.4,64.4,4.6,47.6,47.1,Needs Improvement,False,8,EMP-0182
EVAL-EMP-0027-2024-H2,EMP-0027,2024-H2,2024-12-31,6,0,2.5,62.3,80.0,0,48.5,33.4,65.0,4.6,47.6,47.4,Needs Improvement,False,8,EMP-0182
EVAL-EMP-0027-2025-H1,EMP-0027,2025-H1,2025-06-30,8,0,2.5,62.3,80.0,0,48.5,39.1,65.4,4.2,56.1,50.6,Needs Improvement,False,8,EMP-0182
EVAL-EMP-0027-2025-H2,EMP-0027,2025-H2,2025-12-31,6,0,2.5,62.3,80.0,0,48.5,33.4,65.0,4.8,47.6,47.4,Needs Improvement,False,8,EMP-0182
EVAL-EMP-0028-2024-H2,EMP-0028,2024-H2,2024-12-31,5,0,3.5,73.0,61.7,1,68.5,39.5,69.5,2.9,55.7,53.6,Needs Improvement,False,18,EMP-0154
EVAL-EMP-0028-2025-H1,EMP-0028,2025-H1,2025-06-30,5,0,3.5,73.0,61.7,1,68.5,39.5,68.2,2.7,55.7,53.1,Needs Improvement,False,18,EMP-0154
EVAL-EMP-0029-2024-H1,EMP-0029,2024-H1,2024-06-30,4,1,3.5,73.6,65.7,0,66.8,47.4,58.8,5.0,52.5,54.1,Needs Improvement,False,15,EMP-0158
EVAL-EMP-0029-2024-H2,EMP-0029,2024-H2,2024-12-31,3,1,3.5,73.6,65.7,0,66.8,43.4,59.3,4.7,46.5,52.1,Needs Improvement,False,15,EMP-0158
EVAL-EMP-0029-2025-H1,EMP-0029,2025-H1,2025-06-30,3,1,3.5,73.6,65.7,0,66.8,43.4,59.4,3.8,46.5,52.1,Needs Improvement,False,15,EMP-0158
EVAL-EMP-0029-2025-H2,EMP-0029,2025-H2,2025-12-31,4,1,3.5,73.6,65.7,0,66.8,47.4,58.3,4.9,52.5,54.0,Needs Improvement,False,15,EMP-0158
EVAL-EMP-0030-2025-H1,EMP-0030,2025-H1,2025-06-30,6,0,2.5,76.5,63.2,0,78.1,36.1,59.6,4.4,51.7,48.9,Needs Improvement,False,8,EMP-0115
EVAL-EMP-0030-2025-H2,EMP-0030,2025-H2,2025-12-31,5,0,2.5,76.5,63.2,0,78.1,33.0,60.1,3.9,47.1,47.3,Needs Improvement,False,8,EMP-0115
EVAL-EMP-0031-2023-H1,EMP-0031,2023-H1,2023-06-30,5,1,2.5,76.8,66.7,0,74.2,43.1,65.5,4.3,47.1,54.6,Needs Improvement,False,8,EMP-0130
EVAL-EMP-0031-2023-H2,EMP-0031,2023-H2,2023-12-31,5,1,2.5,76.8,66.7,0,74.2,43.1,66.8,4.9,47.1,55.0,Needs Improvement,False,8,EMP-0130
EVAL-EMP-0031-2024-H1,EMP-0031,2024-H1,2024-06-30,6,1,2.5,76.8,66.7,0,74.2,46.1,68.1,4.4,51.7,57.1,Needs Improvement,False,8,EMP-0130
EVAL-EMP-0031-2024-H2,EMP-0031,2024-H2,2024-12-31,6,1,2.5,76.8,66.7,0,74.2,46.1,65.9,4.7,51.7,56.4,Needs Improvement,False,8,EMP-0130
EVAL-EMP-0031-2025-H1,EMP-0031,2025-H1,2025-06-30,5,1,2.5,76.8,66.7,0,74.2,43.1,66.8,4.3,47.1,55.0,Needs Improvement,False,8,EMP-0130
EVAL-EMP-0031-2025-H2,EMP-0031,2025-H2,2025-12-31,7,1,2.5,76.8,66.7,0,74.2,49.2,67.1,4.6,56.3,58.5,Meets Expectations,False,8,EMP-0130
EVAL-EMP-0032-2023-H1,EMP-0032,2023-H1,2023-06-30,7,0,3.5,79.2,65.6,1,80.4,40.6,75.7,2.8,57.4,57.2,Needs Improvement,False,12,EMP-0193
EVAL-EMP-0032-2023-H2,EMP-0032,2023-H2,2023-12-31,7,0,3.5,79.2,65.6,1,80.4,40.6,75.8,3.1,57.4,57.2,Needs Improvement,False,12,EMP-0193
EVAL-EMP-0033-2024-H2,EMP-0033,2024-H2,2024-12-31,5,0,1.5,76.6,78.9,0,74.6,30.3,70.0,4.8,44.0,49.2,Needs Improvement,False,5,EMP-0115
EVAL-EMP-0033-2025-H1,EMP-0033,2025-H1,2025-06-30,5,0,1.5,76.6,78.9,0,74.6,30.3,70.6,4.6,44.0,49.4,Needs Improvement,False,5,EMP-0115
EVAL-EMP-0033-2025-H2,EMP-0033,2025-H2,2025-12-31,6,0,1.5,76.6,78.9,0,74.6,33.7,72.6,3.8,49.0,52.0,Needs Improvement,False,5,EMP-0115
EVAL-EMP-0034-2025-H1,EMP-0034,2025-H1,2025-06-30,1,0,2.5,56.7,61.6,0,46.2,21.4,51.4,3.9,29.6,35.8,Needs Improvement,False,8,EMP-0043
EVAL-EMP-0034-2025-H2,EMP-0034,2025-H2,2025-12-31,1,0,2.5,56.7,61.6,0,46.2,21.4,51.4,3.7,29.6,35.8,Needs Improvement,False,8,EMP-0043
EVAL-EMP-0035-2025-H1,EMP-0035,2025-H1,2025-06-30,10,0,2.5,84.0,79.9,1,76.0,40.6,84.1,2.3,58.4,59.8,Meets Expectations,False,8,EMP-0115
EVAL-EMP-0035-2025-H2,EMP-0035,2025-H2,2025-12-31,12,0,2.5,84.0,79.9,1,76.0,45.1,82.7,3.7,65.1,61.8,Meets Expectations,False,8,EMP-0115
EVAL-EMP-0036-2025-H1,EMP-0036,2025-H1,2025-06-30,5,0,2.5,65.8,69.1,0,58.3,34.8,58.9,4.5,49.6,46.5,Needs Improvement,False,8,EMP-0134
EVAL-EMP-0036-2025-H2,EMP-0036,2025-H2,2025-12-31,4,0,2.5,65.8,69.1,0,58.3,31.1,58.0,3.9,44.2,44.2,Needs Improvement,False,8,EMP-0134
EVAL-EMP-0037-2024-H1,EMP-0037,2024-H1,2024-06-30,1,0,1.5,76.8,72.4,0,71.4,20.3,65.6,4.3,29.0,42.0,Needs Improvement,False,5,EMP-0048
EVAL-EMP-0037-2024-H2,EMP-0037,2024-H2,2024-12-31,1,0,1.5,76.8,72.4,0,71.4,20.3,65.0,4.4,29.0,41.8,Needs Improvement,False,5,EMP-0048
EVAL-EMP-0037-2025-H1,EMP-0037,2025-H1,2025-06-30,1,0,1.5,76.8,72.4,0,71.4,20.3,66.2,3.5,29.0,42.2,Needs Improvement,False,5,EMP-0048
EVAL-EMP-0037-2025-H2,EMP-0037,2025-H2,2025-12-31,1,0,1.5,76.8,72.4,0,71.4,20.3,64.6,5.0,29.0,41.6,Needs Improvement,False,5,EMP-0048
EVAL-EMP-0038-2024-H1,EMP-0038,2024-H1,2024-06-30,7,0,2.5,87.6,65.5,0,85.1,36.3,69.0,4.9,51.9,53.0,Needs Improvement,False,8,EMP-0100
EVAL-EMP-0038-2024-H2,EMP-0038,2024-H2,2024-12-31,10,0,2.5,87.6,65.5,0,85.1,43.8,67.8,4.2,63.1,56.7,Needs Improvement,False,8,EMP-0100
EVAL-EMP-0038-2025-H1,EMP-0038,2025-H1,2025-06-30,8,0,2.5,87.6,65.5,0,85.1,38.8,67.2,4.9,55.6,53.7,Needs Improvement,False,8,EMP-0100
EVAL-EMP-0038-2025-H2,EMP-0038,2025-H2,2025-12-31,8,0,2.5,87.6,65.5,0,85.1,38.8,67.8,4.8,55.6,53.9,Needs Improvement,False,8,EMP-0100
EVAL-EMP-0039-2024-H2,EMP-0039,2024-H2,2024-12-31,4,0,1.5,65.0,73.0,1,55.5,28.5,73.2,3.6,41.3,48.0,Needs Improvement,False,5,EMP-0064
EVAL-EMP-0039-2025-H1,EMP-0039,2025-H1,2025-06-30,4,0,1.5,65.0,73.0,1,55.5,28.5,73.0,2.8,41.3,47.9,Needs Improvement,False,5,EMP-0064
EVAL-EMP-0039-2025-H2,EMP-0039,2025-H2,2025-12-31,4,0,1.5,65.0,73.0,1,55.5,28.5,71.6,3.4,41.3,47.4,Needs Improvement,False,5,EMP-0064
EVAL-EMP-0040-2025-H1,EMP-0040,2025-H1,2025-06-30,3,0,1.5,90.7,73.7,0,88.2,28.4,66.3,4.4,41.1,47.8,Needs Improvement,False,4,EMP-0043
EVAL-EMP-0040-2025-H2,EMP-0040,2025-H2,2025-12-31,2,0,1.5,90.7,73.7,0,88.2,24.0,66.9,5.0,34.4,45.6,Needs Improvement,False,4,EMP-0043
EVAL-EMP-0041-2023-H2,EMP-0041,2023-H2,2023-12-31,4,0,1.5,77.4,59.4,0,68.2,28.3,58.1,4.1,40.9,43.5,Needs Improvement,False,4,EMP-0137
EVAL-EMP-0041-2024-H1,EMP-0041,2024-H1,2024-06-30,5,0,1.5,77.4,59.4,0,68.2,31.9,57.9,5.0,46.4,45.5,Needs Improvement,False,4,EMP-0137
EVAL-EMP-0041-2024-H2,EMP-0041,2024-H2,2024-12-31,5,0,1.5,77.4,59.4,0,68.2,31.9,58.0,4.8,46.4,45.5,Needs Improvement,False,4,EMP-0137
EVAL-EMP-0041-2025-H1,EMP-0041,2025-H1,2025-06-30,5,0,1.5,77.4,59.4,0,68.2,31.9,57.6,4.5,46.4,45.3,Needs Improvement,False,4,EMP-0137
EVAL-EMP-0042-2024-H1,EMP-0042,2024-H1,2024-06-30,6,0,1.5,81.2,67.4,0,79.5,34.1,63.6,5.0,49.7,49.4,Needs Improvement,False,4,EMP-0144
EVAL-EMP-0042-2024-H2,EMP-0042,2024-H2,2024-12-31,6,0,1.5,81.2,67.4,0,79.5,34.1,64.6,4.7,49.7,49.7,Needs Improvement,False,4,EMP-0144
EVAL-EMP-0042-2025-H1,EMP-0042,2025-H1,2025-06-30,5,0,1.5,81.2,67.4,0,79.5,30.8,66.4,4.3,44.7,48.5,Needs Improvement,False,4,EMP-0144
EVAL-EMP-0042-2025-H2,EMP-0042,2025-H2,2025-12-31,6,0,1.5,81.2,67.4,0,79.5,34.1,65.0,4.4,49.7,49.9,Needs Improvement,False,4,EMP-0144
EVAL-EMP-0043-2025-H1,EMP-0043,2025-H1,2025-06-30,8,0,3.5,81.6,58.6,1,79.0,45.0,69.8,2.9,64.0,57.3,Needs Improvement,False,15,
EVAL-EMP-0043-2025-H2,EMP-0043,2025-H2,2025-12-31,8,0,3.5,81.6,58.6,1,79.0,45.0,71.7,2.6,64.0,58.0,Meets Expectations,False,15,
EVAL-EMP-0044-2024-H1,EMP-0044,2024-H1,2024-06-30,7,0,1.5,76.0,71.5,0,69.9,32.3,64.7,3.9,46.9,47.9,Needs Improvement,False,4,EMP-0141
EVAL-EMP-0044-2024-H2,EMP-0044,2024-H2,2024-12-31,7,0,1.5,76.0,71.5,0,69.9,32.3,63.0,4.3,46.9,47.3,Needs Improvement,False,4,EMP-0141
EVAL-EMP-0044-2025-H1,EMP-0044,2025-H1,2025-06-30,9,0,1.5,76.0,71.5,0,69.9,37.6,64.7,3.7,54.9,50.8,Needs Improvement,False,4,EMP-0141
EVAL-EMP-0044-2025-H2,EMP-0044,2025-H2,2025-12-31,7,0,1.5,76.0,71.5,0,69.9,32.3,63.4,4.0,46.9,47.4,Needs Improvement,False,4,EMP-0141
EVAL-EMP-0045-2025-H1,EMP-0045,2025-H1,2025-06-30,5,0,2.5,78.5,71.6,1,80.0,33.2,77.1,3.1,47.3,53.6,Needs Improvement,False,7,EMP-0028
EVAL-EMP-0046-2025-H1,EMP-0046,2025-H1,2025-06-30,10,1,2.5,72.1,70.1,0,70.3,49.4,64.8,4.4,56.6,57.4,Needs Improvement,False,8,EMP-0141
EVAL-EMP-0046-2025-H2,EMP-0046,2025-H2,2025-12-31,9,1,2.5,72.1,70.1,0,70.3,47.2,64.1,3.8,53.3,56.0,Needs Improvement,False,8,EMP-0141
EVAL-EMP-0047-2023-H1,EMP-0047,2023-H1,2023-06-30,3,0,1.5,78.4,80.4,1,74.2,25.8,85.7,2.7,37.3,52.2,Needs Improvement,False,5,EMP-0138
EVAL-EMP-0047-2023-H2,EMP-0047,2023-H2,2023-12-31,3,0,1.5,78.4,80.4,1,74.2,25.8,83.7,3.2,37.3,51.5,Needs Improvement,False,5,EMP-0138
EVAL-EMP-0047-2024-H1,EMP-0047,2024-H1,2024-06-30,4,0,1.5,78.4,80.4,1,74.2,29.8,84.4,3.6,43.3,54.0,Needs Improvement,False,5,EMP-0138
EVAL-EMP-0047-2024-H2,EMP-0047,2024-H2,2024-12-31,4,0,1.5,78.4,80.4,1,74.2,29.8,82.6,3.6,43.3,53.3,Needs Improvement,False,5,EMP-0138
EVAL-EMP-0047-2025-H1,EMP-0047,2025-H1,2025-06-30,3,0,1.5,78.4,80.4,1,74.2,25.8,83.7,2.9,37.3,51.5,Needs Improvement,False,5,EMP-0138
EVAL-EMP-0047-2025-H2,EMP-0047,2025-H2,2025-12-31,4,0,1.5,78.4,80.4,1,74.2,29.8,84.4,2.8,43.3,54.0,Needs Improvement,False,5,EMP-0138
EVAL-EMP-0048-2024-H2,EMP-0048,2024-H2,2024-12-31,8,0,3.5,86.2,69.0,0,84.4,44.0,65.0,4.3,62.4,55.6,Needs Improvement,False,12,EMP-0141
EVAL-EMP-0048-2025-H1,EMP-0048,2025-H1,2025-06-30,7,0,3.5,86.2,69.0,0,84.4,41.3,65.1,4.6,58.4,54.2,Needs Improvement,False,12,EMP-0141
EVAL-EMP-0048-2025-H2,EMP-0048,2025-H2,2025-12-31,7,0,3.5,86.2,69.0,0,84.4,41.3,62.3,4.7,58.4,53.2,Needs Improvement,False,12,EMP-0141
EVAL-EMP-0049-2025-H1,EMP-0049,2025-H1,2025-06-30,5,0,1.5,88.8,76.3,0,85.8,33.1,71.4,5.0,48.1,52.2,Needs Improvement,False,5,EMP-0144
EVAL-EMP-0049-2025-H2,EMP-0049,2025-H2,2025-12-31,4,0,1.5,88.8,76.3,0,85.8,29.4,71.0,4.1,42.6,50.0,Needs Improvement,False,5,EMP-0144
EVAL-EMP-0050-2025-H1,EMP-0050,2025-H1,2025-06-30,5,0,2.5,85.4,59.5,0,73.3,35.2,58.1,5.0,50.3,47.6,Needs Improvement,False,8,EMP-0194
EVAL-EMP-0050-2025-H2,EMP-0050,2025-H2,2025-12-31,5,0,2.5,85.4,59.5,0,73.3,35.2,58.9,4.6,50.3,47.9,Needs Improvement,False,8,EMP-0194
EVAL-EMP-0051-2024-H1,EMP-0051,2024-H1,2024-06-30,1,0,1.5,79.0,80.5,1,78.0,20.6,81.6,2.9,29.3,48.2,Needs Improvement,False,5,EMP-0100
EVAL-EMP-0051-2024-H2,EMP-0051,2024-H2,2024-12-31,1,0,1.5,79.0,80.5,1,78.0,20.6,81.3,2.9,29.3,48.1,Needs Improvement,False,5,EMP-0100
EVAL-EMP-0051-2025-H1,EMP-0051,2025-H1,2025-06-30,1,0,1.5,79.0,80.5,1,78.0,20.6,82.7,2.7,29.3,48.5,Needs Improvement,False,5,EMP-0100
EVAL-EMP-0051-2025-H2,EMP-0051,2025-H2,2025-12-31,1,0,1.5,79.0,80.5,1,78.0,20.6,82.4,3.1,29.3,48.4,Needs Improvement,False,5,EMP-0100
EVAL-EMP-0052-2025-H1,EMP-0052,2025-H1,2025-06-30,8,0,3.5,68.7,56.4,1,67.3,42.2,67.4,2.5,59.8,54.0,Needs Improvement,False,15,EMP-0130
EVAL-EMP-0052-2025-H2,EMP-0052,2025-H2,2025-12-31,8,0,3.5,68.7,56.4,1,67.3,42.2,66.1,3.0,59.8,53.6,Needs Improvement,False,15,EMP-0130
EVAL-EMP-0053-2024-H2,EMP-0053,2024-H2,2024-12-31,2,0,1.5,82.0,71.4,0,78.1,24.2,65.9,4.5,34.8,44.7,Needs Improvement,False,4,EMP-0028
EVAL-EMP-0053-2025-H1,EMP-0053,2025-H1,2025-06-30,2,0,1.5,82.0,71.4,0,78.1,24.2,64.8,4.6,34.8,44.3,Needs Improvement,False,4,EMP-0028
EVAL-EMP-0053-2025-H2,EMP-0053,2025-H2,2025-12-31,2,0,1.5,82.0,71.4,0,78.1,24.2,66.8,4.5,34.8,45.0,Needs Improvement,False,4,EMP-0028
EVAL-EMP-0054-2024-H1,EMP-0054,2024-H1,2024-06-30,4,0,1.5,72.7,76.1,0,64.7,29.3,67.7,4.7,42.4,47.2,Needs Improvement,False,4,EMP-0143
EVAL-EMP-0054-2024-H2,EMP-0054,2024-H2,2024-12-31,3,0,1.5,72.7,76.1,0,64.7,25.3,68.1,4.9,36.4,45.2,Needs Improvement,False,4,EMP-0143
EVAL-EMP-0054-2025-H1,EMP-0054,2025-H1,2025-06-30,4,0,1.5,72.7,76.1,0,64.7,29.3,67.4,5.0,42.4,47.1,Needs Improvement,False,4,EMP-0143
EVAL-EMP-0054-2025-H2,EMP-0054,2025-H2,2025-12-31,4,0,1.5,72.7,76.1,0,64.7,29.3,68.1,4.9,42.4,47.4,Needs Improvement,False,4,EMP-0143
EVAL-EMP-0055-2023-H1,EMP-0055,2023-H1,2023-06-30,4,0,2.5,72.0,62.6,1,70.4,33.2,74.3,2.5,47.3,51.9,Needs Improvement,False,8,EMP-0155
EVAL-EMP-0055-2023-H2,EMP-0055,2023-H2,2023-12-31,3,0,2.5,72.0,62.6,1,70.4,29.2,72.8,2.7,41.3,49.2,Needs Improvement,False,8,EMP-0155
EVAL-EMP-0056-2025-H1,EMP-0056,2025-H1,2025-06-30,1,0,1.5,86.7,69.8,0,78.7,20.4,65.7,4.4,29.1,42.5,Needs Improvement,False,5,EMP-0194
EVAL-EMP-0057-2025-H1,EMP-0057,2025-H1,2025-06-30,6,0,3.5,73.0,57.3,0,66.8,39.8,53.9,4.3,56.1,48.1,Needs Improvement,False,18,
EVAL-EMP-0057-2025-H2,EMP-0057,2025-H2,2025-12-31,7,0,3.5,73.0,57.3,0,66.8,42.8,53.8,3.6,60.8,49.7,Needs Improvement,False,18,
EVAL-EMP-0058-2024-H1,EMP-0058,2024-H1,2024-06-30,11,2,3.5,81.4,68.5,0,77.2,63.0,62.6,4.5,68.5,64.9,Meets Expectations,False,18,EMP-0028
EVAL-EMP-0058-2024-H2,EMP-0058,2024-H2,2024-12-31,9,2,3.5,81.4,68.5,0,77.2,58.3,64.6,5.0,61.5,63.0,Meets Expectations,False,18,EMP-0028
EVAL-EMP-0058-2025-H1,EMP-0058,2025-H1,2025-06-30,10,2,3.5,81.4,68.5,0,77.2,60.7,63.0,4.8,65.0,63.8,Meets Expectations,False,18,EMP-0028
EVAL-EMP-0058-2025-H2,EMP-0058,2025-H2,2025-12-31,11,1,3.5,81.4,68.5,0,77.2,55.5,62.0,3.7,68.5,60.6,Meets Expectations,False,18,EMP-0028
EVAL-EMP-0059-2023-H2,EMP-0059,2023-H2,2023-12-31,11,1,2.5,81.4,74.4,0,82.6,54.0,71.6,4.8,63.5,63.4,Meets Expectations,False,8,EMP-0150
EVAL-EMP-0059-2024-H1,EMP-0059,2024-H1,2024-06-30,9,1,2.5,81.4,74.4,0,82.6,49.3,70.5,3.9,56.5,60.4,Meets Expectations,False,8,EMP-0150
EVAL-EMP-0059-2024-H2,EMP-0059,2024-H2,2024-12-31,9,1,2.5,81.4,74.4,0,82.6,49.3,71.7,4.1,56.5,60.8,Meets Expectations,False,8,EMP-0150
EVAL-EMP-0059-2025-H1,EMP-0059,2025-H1,2025-06-30,10,1,2.5,81.4,74.4,0,82.6,51.7,71.5,4.4,60.0,62.1,Meets Expectations,False,8,EMP-0150
EVAL-EMP-0059-2025-H2,EMP-0059,2025-H2,2025-12-31,10,1,2.5,81.4,74.4,0,82.6,51.7,72.9,4.4,60.0,62.5,Meets Expectations,False,8,EMP-0150
EVAL-EMP-0060-2025-H1,EMP-0060,2025-H1,2025-06-30,7,0,2.5,70.1,59.7,0,66.2,35.7,54.5,4.5,51.0,46.2,Needs Improvement,False,7,EMP-0155
EVAL-EMP-0060-2025-H2,EMP-0060,2025-H2,2025-12-31,9,0,2.5,70.1,59.7,0,66.2,41.0,55.4,4.5,59.0,49.5,Needs Improvement,False,7,EMP-0155
EVAL-EMP-0061-2025-H1,EMP-0061,2025-H1,2025-06-30,4,0,1.5,81.4,74.4,1,77.2,28.7,80.2,2.8,41.5,52.1,Needs Improvement,False,5,EMP-0116
EVAL-EMP-0061-2025-H2,EMP-0061,2025-H2,2025-12-31,4,0,1.5,81.4,74.4,1,77.2,28.7,79.4,3.0,41.5,51.9,Needs Improvement,False,5,EMP-0116
EVAL-EMP-0062-2025-H1,EMP-0062,2025-H1,2025-06-30,4,0,1.5,76.3,68.6,0,70.4,29.6,63.9,4.1,42.9,46.5,Needs Improvement,False,5,EMP-0093
EVAL-EMP-0062-2025-H2,EMP-0062,2025-H2,2025-12-31,4,0,1.5,76.3,68.6,0,70.4,29.6,63.4,4.7,42.9,46.3,Needs Improvement,False,5,EMP-0093
EVAL-EMP-0063-2023-H1,EMP-0063,2023-H1,2023-06-30,5,0,1.5,68.6,84.0,0,65.6,28.2,71.1,4.4,40.9,47.8,Needs Improvement,False,5,EMP-0137
EVAL-EMP-0063-2023-H2,EMP-0063,2023-H2,2023-12-31,6,0,1.5,68.6,84.0,0,65.6,31.3,70.6,4.2,45.5,49.3,Needs Improvement,False,5,EMP-0137
EVAL-EMP-0063-2024-H1,EMP-0063,2024-H1,2024-06-30,7,0,1.5,68.6,84.0,0,65.6,34.4,70.6,4.0,50.1,51.0,Needs Improvement,False,5,EMP-0137
EVAL-EMP-0063-2024-H2,EMP-0063,2024-H2,2024-12-31,6,0,1.5,68.6,84.0,0,65.6,31.3,69.9,4.7,45.5,49.1,Needs Improvement,False,5,EMP-0137
EVAL-EMP-0063-2025-H1,EMP-0063,2025-H1,2025-06-30,6,0,1.5,68.6,84.0,0,65.6,31.3,70.8,3.9,45.5,49.4,Needs Improvement,False,5,EMP-0137
EVAL-EMP-0063-2025-H2,EMP-0063,2025-H2,2025-12-31,6,0,1.5,68.6,84.0,0,65.6,31.3,70.4,4.5,45.5,49.3,Needs Improvement,False,5,EMP-0137
EVAL-EMP-0064-2023-H2,EMP-0064,2023-H2,2023-12-31,7,0,4.0,72.2,60.7,1,68.2,41.9,69.0,3.2,58.8,54.8,Needs Improvement,False,18,EMP-0141
EVAL-EMP-0064-2024-H1,EMP-0064,2024-H1,2024-06-30,9,0,4.0,72.2,60.7,1,68.2,47.2,68.6,3.2,66.8,57.6,Needs Improvement,False,18,EMP-0141
EVAL-EMP-0064-2024-H2,EMP-0064,2024-H2,2024-12-31,9,0,4.0,72.2,60.7,1,68.2,47.2,69.5,3.4,66.8,57.9,Needs Improvement,False,18,EMP-0141
EVAL-EMP-0064-2025-H1,EMP-0064,2025-H1,2025-06-30,9,0,4.0,72.2,60.7,1,68.2,47.2,69.4,2.7,66.8,57.9,Needs Improvement,False,18,EMP-0141
EVAL-EMP-0065-2024-H1,EMP-0065,2024-H1,2024-06-30,5,0,1.5,65.2,61.0,0,54.7,29.2,54.6,4.0,42.3,41.9,Needs Improvement,False,4,EMP-0144
EVAL-EMP-0065-2024-H2,EMP-0065,2024-H2,2024-12-31,6,0,1.5,65.2,61.0,0,54.7,32.5,54.1,3.9,47.3,43.5,Needs Improvement,False,4,EMP-0144
EVAL-EMP-0066-2024-H2,EMP-0066,2024-H2,2024-12-31,7,0,2.5,92.1,67.0,0,91.6,40.8,66.9,4.3,58.6,55.1,Needs Improvement,False,7,EMP-0048
EVAL-EMP-0067-2023-H2,EMP-0067,2023-H2,2023-12-31,3,0,1.5,85.1,76.7,0,84.9,27.8,72.5,4.4,40.3,49.4,Needs Improvement,False,5,EMP-0194
EVAL-EMP-0067-2024-H1,EMP-0067,2024-H1,2024-06-30,3,0,1.5,85.1,76.7,0,84.9,27.8,72.3,4.8,40.3,49.4,Needs Improvement,False,5,EMP-0194
EVAL-EMP-0067-2024-H2,EMP-0067,2024-H2,2024-12-31,2,0,1.5,85.1,76.7,0,84.9,23.4,72.4,4.3,33.6,47.0,Needs Improvement,False,5,EMP-0194
EVAL-EMP-0067-2025-H1,EMP-0067,2025-H1,2025-06-30,3,0,1.5,85.1,76.7,0,84.9,27.8,73.4,4.4,40.3,49.7,Needs Improvement,False,5,EMP-0194
EVAL-EMP-0067-2025-H2,EMP-0067,2025-H2,2025-12-31,2,0,1.5,85.1,76.7,0,84.9,23.4,71.6,4.4,33.6,46.7,Needs Improvement,False,5,EMP-0194
EVAL-EMP-0068-2025-H1,EMP-0068,2025-H1,2025-06-30,5,0,1.5,66.3,74.9,0,62.2,30.8,61.5,3.9,44.7,45.6,Needs Improvement,False,4,
EVAL-EMP-0069-2024-H2,EMP-0069,2024-H2,2024-12-31,9,0,3.5,87.8,66.8,0,82.4,44.0,62.1,4.5,62.4,54.5,Needs Improvement,False,18,EMP-0100
EVAL-EMP-0069-2025-H1,EMP-0069,2025-H1,2025-06-30,9,0,3.5,87.8,66.8,0,82.4,44.0,62.8,4.6,62.4,54.7,Needs Improvement,False,18,EMP-0100
EVAL-EMP-0069-2025-H2,EMP-0069,2025-H2,2025-12-31,9,0,3.5,87.8,66.8,0,82.4,44.0,63.4,4.9,62.4,54.9,Needs Improvement,False,18,EMP-0100
EVAL-EMP-0070-2025-H1,EMP-0070,2025-H1,2025-06-30,2,0,1.5,75.0,78.9,0,70.1,23.5,65.4,4.6,33.8,43.5,Needs Improvement,False,4,EMP-0029
EVAL-EMP-0070-2025-H2,EMP-0070,2025-H2,2025-12-31,2,0,1.5,75.0,78.9,0,70.1,23.5,67.1,4.1,33.8,44.0,Needs Improvement,False,4,EMP-0029
EVAL-EMP-0071-2024-H2,EMP-0071,2024-H2,2024-12-31,4,0,1.5,76.6,79.2,1,69.0,29.7,81.6,2.9,43.0,52.7,Needs Improvement,False,5,EMP-0115
EVAL-EMP-0071-2025-H1,EMP-0071,2025-H1,2025-06-30,4,0,1.5,76.6,79.2,1,69.0,29.7,81.5,3.5,43.0,52.6,Needs Improvement,False,5,EMP-0115
EVAL-EMP-0071-2025-H2,EMP-0071,2025-H2,2025-12-31,3,0,1.5,76.6,79.2,1,69.0,25.7,81.8,3.4,37.0,50.5,Needs Improvement,False,5,EMP-0115
EVAL-EMP-0072-2025-H1,EMP-0072,2025-H1,2025-06-30,4,0,1.5,75.9,71.2,0,67.7,29.6,63.1,5.0,42.9,46.0,Needs Improvement,False,5,EMP-0028
EVAL-EMP-0073-2023-H1,EMP-0073,2023-H1,2023-06-30,12,1,3.5,79.8,69.0,1,82.7,56.0,79.8,3.2,65.5,67.3,Meets Expectations,False,12,EMP-0115
EVAL-EMP-0073-2023-H2,EMP-0073,2023-H2,2023-12-31,12,1,3.5,79.8,69.0,1,82.7,56.0,82.7,2.4,65.5,68.3,Meets Expectations,False,12,EMP-0115
EVAL-EMP-0073-2024-H1,EMP-0073,2024-H1,2024-06-30,12,1,3.5,79.8,69.0,1,82.7,56.0,79.9,2.8,65.5,67.3,Meets Expectations,False,12,EMP-0115
EVAL-EMP-0073-2024-H2,EMP-0073,2024-H2,2024-12-31,12,1,3.5,79.8,69.0,1,82.7,56.0,80.1,2.4,65.5,67.4,Meets Expectations,False,12,EMP-0115
EVAL-EMP-0073-2025-H1,EMP-0073,2025-H1,2025-06-30,13,1,3.5,79.8,69.0,1,82.7,58.0,79.9,2.8,68.5,68.4,Meets Expectations,False,12,EMP-0115
EVAL-EMP-0073-2025-H2,EMP-0073,2025-H2,2025-12-31,14,1,3.5,79.8,69.0,1,82.7,60.0,80.5,2.6,71.5,69.8,Meets Expectations,True,12,EMP-0115
EVAL-EMP-0074-2025-H1,EMP-0074,2025-H1,2025-06-30,6,0,2.5,70.8,69.1,0,68.2,37.1,61.4,3.6,53.1,49.4,Needs Improvement,False,8,EMP-0057
EVAL-EMP-0074-2025-H2,EMP-0074,2025-H2,2025-12-31,5,0,2.5,70.8,69.1,0,68.2,33.8,59.5,3.7,48.1,46.9,Needs Improvement,False,8,EMP-0057
EVAL-EMP-0075-2025-H1,EMP-0075,2025-H1,2025-06-30,3,0,1.5,83.1,83.5,0,83.3,26.3,71.9,4.9,38.0,48.3,Needs Improvement,False,5,EMP-0093
EVAL-EMP-0075-2025-H2,EMP-0075,2025-H2,2025-12-31,3,0,1.5,83.1,83.5,0,83.3,26.3,72.2,4.4,38.0,48.4,Needs Improvement,False,5,EMP-0093
EVAL-EMP-0076-2024-H1,EMP-0076,2024-H1,2024-06-30,5,0,3.5,74.8,65.3,0,72.8,39.7,58.1,4.0,56.0,49.9,Needs Improvement,False,15,EMP-0116
EVAL-EMP-0076-2024-H2,EMP-0076,2024-H2,2024-12-31,4,0,3.5,74.8,65.3,0,72.8,36.0,58.2,5.0,50.5,47.9,Needs Improvement,False,15,EMP-0116
EVAL-EMP-0076-2025-H1,EMP-0076,2025-H1,2025-06-30,4,0,3.5,74.8,65.3,0,72.8,36.0,59.5,4.7,50.5,48.3,Needs Improvement,False,15,EMP-0116
EVAL-EMP-0076-2025-H2,EMP-0076,2025-H2,2025-12-31,5,0,3.5,74.8,65.3,0,72.8,39.7,58.9,4.4,56.0,50.1,Needs Improvement,False,15,EMP-0116
EVAL-EMP-0077-2023-H2,EMP-0077,2023-H2,2023-12-31,4,0,1.5,61.7,77.7,0,51.0,28.2,63.6,5.0,40.8,44.2,Needs Improvement,False,5,EMP-0069
EVAL-EMP-0077-2024-H1,EMP-0077,2024-H1,2024-06-30,4,0,1.5,61.7,77.7,0,51.0,28.2,66.1,4.6,40.8,45.1,Needs Improvement,False,5,EMP-0069
EVAL-EMP-0077-2024-H2,EMP-0077,2024-H2,2024-12-31,4,0,1.5,61.7,77.7,0,51.0,28.2,64.4,4.0,40.8,44.5,Needs Improvement,False,5,EMP-0069
EVAL-EMP-0078-2023-H2,EMP-0078,2023-H2,2023-12-31,8,0,2.5,81.4,69.7,0,81.1,39.5,67.2,4.7,56.7,53.6,Needs Improvement,False,8,EMP-0057
EVAL-EMP-0078-2024-H1,EMP-0078,2024-H1,2024-06-30,9,0,2.5,81.4,69.7,0,81.1,42.1,67.5,4.1,60.7,55.1,Needs Improvement,False,8,EMP-0057
EVAL-EMP-0078-2024-H2,EMP-0078,2024-H2,2024-12-31,9,0,2.5,81.4,69.7,0,81.1,42.1,66.2,4.0,60.7,54.7,Needs Improvement,False,8,EMP-0057
EVAL-EMP-0079-2025-H1,EMP-0079,2025-H1,2025-06-30,6,0,2.5,85.7,65.8,0,80.2,37.0,64.2,4.9,53.0,51.2,Needs Improvement,False,8,EMP-0069
EVAL-EMP-0079-2025-H2,EMP-0079,2025-H2,2025-12-31,6,0,2.5,85.7,65.8,0,80.2,37.0,62.6,4.3,53.0,50.6,Needs Improvement,False,8,EMP-0069
EVAL-EMP-0080-2024-H2,EMP-0080,2024-H2,2024-12-31,4,0,1.5,83.0,83.6,0,84.3,30.3,76.1,5.0,43.9,52.0,Needs Improvement,False,5,EMP-0052
EVAL-EMP-0080-2025-H1,EMP-0080,2025-H1,2025-06-30,4,0,1.5,83.0,83.6,0,84.3,30.3,75.4,4.1,43.9,51.7,Needs Improvement,False,5,EMP-0052
EVAL-EMP-0080-2025-H2,EMP-0080,2025-H2,2025-12-31,4,0,1.5,83.0,83.6,0,84.3,30.3,75.8,4.1,43.9,51.9,Needs Improvement,False,5,EMP-0052
EVAL-EMP-0081-2025-H1,EMP-0081,2025-H1,2025-06-30,6,0,2.5,74.5,76.2,1,68.0,34.6,78.3,3.3,49.4,54.0,Needs Improvement,False,8,EMP-0133
EVAL-EMP-0081-2025-H2,EMP-0081,2025-H2,2025-12-31,7,0,2.5,74.5,76.2,1,68.0,37.4,78.0,3.9,53.7,55.5,Needs Improvement,False,8,EMP-0133
EVAL-EMP-0082-2024-H1,EMP-0082,2024-H1,2024-06-30,2,0,1.5,72.8,68.2,0,74.3,23.3,61.1,3.8,33.4,42.1,Needs Improvement,False,5,EMP-0141
EVAL-EMP-0082-2024-H2,EMP-0082,2024-H2,2024-12-31,2,0,1.5,72.8,68.2,0,74.3,23.3,63.0,4.3,33.4,42.8,Needs Improvement,False,5,EMP-0141
EVAL-EMP-0082-2025-H1,EMP-0082,2025-H1,2025-06-30,2,0,1.5,72.8,68.2,0,74.3,23.3,63.0,3.7,33.4,42.8,Needs Improvement,False,5,EMP-0141
EVAL-EMP-0082-2025-H2,EMP-0082,2025-H2,2025-12-31,2,0,1.5,72.8,68.2,0,74.3,23.3,61.0,4.3,33.4,42.1,Needs Improvement,False,5,EMP-0141
EVAL-EMP-0083-2024-H2,EMP-0083,2024-H2,2024-12-31,4,0,1.5,75.8,71.2,0,73.2,29.6,65.3,4.2,42.9,47.0,Needs Improvement,False,5,EMP-0076
EVAL-EMP-0083-2025-H1,EMP-0083,2025-H1,2025-06-30,4,0,1.5,75.8,71.2,0,73.2,29.6,65.3,4.6,42.9,47.0,Needs Improvement,False,5,EMP-0076
EVAL-EMP-0084-2024-H1,EMP-0084,2024-H1,2024-06-30,5,0,2.5,84.6,75.9,0,82.8,36.6,70.7,5.0,52.5,53.5,Needs Improvement,False,8,
EVAL-EMP-0084-2024-H2,EMP-0084,2024-H2,2024-12-31,5,0,2.5,84.6,75.9,0,82.8,36.6,70.4,3.6,52.5,53.4,Needs Improvement,False,8,
EVAL-EMP-0084-2025-H1,EMP-0084,2025-H1,2025-06-30,4,0,2.5,84.6,75.9,0,82.8,33.0,72.4,5.0,47.0,52.1,Needs Improvement,False,8,
EVAL-EMP-0084-2025-H2,EMP-0084,2025-H2,2025-12-31,5,0,2.5,84.6,75.9,0,82.8,36.6,70.2,5.0,52.5,53.3,Needs Improvement,False,8,
EVAL-EMP-0085-2024-H1,EMP-0085,2024-H1,2024-06-30,3,0,1.5,75.0,63.9,1,66.6,26.8,73.4,2.7,38.7,47.9,Needs Improvement,False,5,EMP-0115
EVAL-EMP-0085-2024-H2,EMP-0085,2024-H2,2024-12-31,3,0,1.5,75.0,63.9,1,66.6,26.8,73.6,3.1,38.7,47.9,Needs Improvement,False,5,EMP-0115
EVAL-EMP-0085-2025-H1,EMP-0085,2025-H1,2025-06-30,3,0,1.5,75.0,63.9,1,66.6,26.8,72.0,2.8,38.7,47.4,Needs Improvement,False,5,EMP-0115
EVAL-EMP-0085-2025-H2,EMP-0085,2025-H2,2025-12-31,3,0,1.5,75.0,63.9,1,66.6,26.8,72.9,2.6,38.7,47.7,Needs Improvement,False,5,EMP-0115
EVAL-EMP-0086-2024-H1,EMP-0086,2024-H1,2024-06-30,4,0,1.5,79.6,60.0,1,79.3,30.0,75.5,3.0,43.4,51.2,Needs Improvement,False,6,EMP-0133
EVAL-EMP-0086-2024-H2,EMP-0086,2024-H2,2024-12-31,3,0,1.5,79.6,60.0,1,79.3,26.0,72.7,3.4,37.4,48.1,Needs Improvement,False,6,EMP-0133
EVAL-EMP-0086-2025-H1,EMP-0086,2025-H1,2025-06-30,3,0,1.5,79.6,60.0,1,79.3,26.0,74.5,3.0,37.4,48.7,Needs Improvement,False,6,EMP-0133
EVAL-EMP-0086-2025-H2,EMP-0086,2025-H2,2025-12-31,4,0,1.5,79.6,60.0,1,79.3,30.0,73.7,2.8,43.4,50.6,Needs Improvement,False,6,EMP-0133
EVAL-EMP-0087-2025-H1,EMP-0087,2025-H1,2025-06-30,6,0,2.5,73.2,71.5,1,68.7,37.3,75.1,2.9,53.5,54.1,Needs Improvement,False,8,EMP-0057
EVAL-EMP-0088-2023-H2,EMP-0088,2023-H2,2023-12-31,4,0,1.5,79.4,81.1,1,67.2,29.9,80.2,3.4,43.4,52.0,Needs Improvement,False,5,EMP-0029
EVAL-EMP-0088-2024-H1,EMP-0088,2024-H1,2024-06-30,4,0,1.5,79.4,81.1,1,67.2,29.9,81.6,3.2,43.4,52.5,Needs Improvement,False,5,EMP-0029
EVAL-EMP-0088-2024-H2,EMP-0088,2024-H2,2024-12-31,3,0,1.5,79.4,81.1,1,67.2,25.9,80.4,3.9,37.4,49.9,Needs Improvement,False,5,EMP-0029
EVAL-EMP-0089-2024-H2,EMP-0089,2024-H2,2024-12-31,5,0,1.5,79.9,67.5,0,74.6,32.2,65.4,4.8,46.8,48.5,Needs Improvement,False,5,EMP-0150
EVAL-EMP-0089-2025-H1,EMP-0089,2025-H1,2025-06-30,5,0,1.5,79.9,67.5,0,74.6,32.2,66.1,3.9,46.8,48.7,Needs Improvement,False,5,EMP-0150
EVAL-EMP-0089-2025-H2,EMP-0089,2025-H2,2025-12-31,5,0,1.5,79.9,67.5,0,74.6,32.2,63.7,4.4,46.8,47.9,Needs Improvement,False,5,EMP-0150
EVAL-EMP-0090-2024-H2,EMP-0090,2024-H2,2024-12-31,1,0,1.5,85.3,60.8,0,83.3,20.2,62.9,4.7,28.9,41.8,Needs Improvement,False,4,EMP-0043
EVAL-EMP-0090-2025-H1,EMP-0090,2025-H1,2025-06-30,1,0,1.5,85.3,60.8,0,83.3,20.2,63.3,5.0,28.9,41.9,Needs Improvement,False,4,EMP-0043
EVAL-EMP-0090-2025-H2,EMP-0090,2025-H2,2025-12-31,1,0,1.5,85.3,60.8,0,83.3,20.2,62.9,4.8,28.9,41.8,Needs Improvement,False,4,EMP-0043
EVAL-EMP-0091-2024-H2,EMP-0091,2024-H2,2024-12-31,7,0,1.5,63.2,71.5,0,51.6,33.9,58.9,4.5,49.3,45.7,Needs Improvement,False,5,EMP-0137
EVAL-EMP-0091-2025-H1,EMP-0091,2025-H1,2025-06-30,7,0,1.5,63.2,71.5,0,51.6,33.9,60.2,4.8,49.3,46.2,Needs Improvement,False,5,EMP-0137
EVAL-EMP-0091-2025-H2,EMP-0091,2025-H2,2025-12-31,5,0,1.5,63.2,71.5,0,51.6,27.7,60.2,4.6,40.1,42.8,Needs Improvement,False,5,EMP-0137
EVAL-EMP-0092-2024-H2,EMP-0092,2024-H2,2024-12-31,2,0,1.5,79.1,72.6,1,71.3,23.9,76.8,3.1,34.4,47.7,Needs Improvement,False,4,
EVAL-EMP-0092-2025-H1,EMP-0092,2025-H1,2025-06-30,2,0,1.5,79.1,72.6,1,71.3,23.9,75.0,2.8,34.4,47.1,Needs Improvement,False,4,
EVAL-EMP-0092-2025-H2,EMP-0092,2025-H2,2025-12-31,2,0,1.5,79.1,72.6,1,71.3,23.9,75.0,4.0,34.4,47.1,Needs Improvement,False,4,
EVAL-EMP-0093-2023-H1,EMP-0093,2023-H1,2023-06-30,3,1,3.5,71.8,64.2,1,67.2,43.2,71.3,3.3,46.3,56.0,Needs Improvement,False,18,EMP-0171
EVAL-EMP-0093-2023-H2,EMP-0093,2023-H2,2023-12-31,3,1,3.5,71.8,64.2,1,67.2,43.2,71.4,3.0,46.3,56.1,Needs Improvement,False,18,EMP-0171
EVAL-EMP-0093-2024-H1,EMP-0093,2024-H1,2024-06-30,4,1,3.5,71.8,64.2,1,67.2,47.2,71.5,3.5,52.3,58.3,Meets Expectations,False,18,EMP-0171
EVAL-EMP-0093-2024-H2,EMP-0093,2024-H2,2024-12-31,3,1,3.5,71.8,64.2,1,67.2,43.2,69.6,2.7,46.3,55.4,Needs Improvement,False,18,EMP-0171
EVAL-EMP-0093-2025-H1,EMP-0093,2025-H1,2025-06-30,4,1,3.5,71.8,64.2,1,67.2,47.2,70.2,2.8,52.3,57.9,Needs Improvement,False,18,EMP-0171
EVAL-EMP-0093-2025-H2,EMP-0093,2025-H2,2025-12-31,4,1,3.5,71.8,64.2,1,67.2,47.2,70.1,2.6,52.3,57.8,Needs Improvement,False,18,EMP-0171
EVAL-EMP-0094-2024-H2,EMP-0094,2024-H2,2024-12-31,7,0,1.5,83.5,68.5,1,84.8,35.9,81.5,3.6,52.3,56.9,Needs Improvement,False,5,EMP-0139
EVAL-EMP-0094-2025-H1,EMP-0094,2025-H1,2025-06-30,5,0,1.5,83.5,68.5,1,84.8,29.7,82.4,2.1,43.1,53.8,Needs Improvement,False,5,EMP-0139
EVAL-EMP-0094-2025-H2,EMP-0094,2025-H2,2025-12-31,5,0,1.5,83.5,68.5,1,84.8,29.7,81.3,3.0,43.1,53.4,Needs Improvement,False,5,EMP-0139
EVAL-EMP-0095-2025-H1,EMP-0095,2025-H1,2025-06-30,1,0,1.5,73.5,76.6,1,70.0,20.0,78.7,2.9,27.1,46.2,Needs Improvement,False,10,EMP-0155
EVAL-EMP-0095-2025-H2,EMP-0095,2025-H2,2025-12-31,1,0,1.5,73.5,76.6,1,70.0,20.0,78.4,2.9,27.1,46.1,Needs Improvement,False,10,EMP-0155
EVAL-EMP-0096-2024-H1,EMP-0096,2024-H1,2024-06-30,3,0,1.5,93.2,75.5,1,93.4,27.3,87.8,3.4,39.5,55.1,Needs Improvement,False,4,EMP-0150
EVAL-EMP-0096-2024-H2,EMP-0096,2024-H2,2024-12-31,4,0,1.5,93.2,75.5,1,93.4,31.3,87.5,2.7,45.5,57.2,Needs Improvement,False,4,EMP-0150
EVAL-EMP-0096-2025-H1,EMP-0096,2025-H1,2025-06-30,4,0,1.5,93.2,75.5,1,93.4,31.3,87.4,2.5,45.5,57.2,Needs Improvement,False,4,EMP-0150
EVAL-EMP-0096-2025-H2,EMP-0096,2025-H2,2025-12-31,3,0,1.5,93.2,75.5,1,93.4,27.3,86.2,3.2,39.5,54.5,Needs Improvement,False,4,EMP-0150
EVAL-EMP-0097-2024-H2,EMP-0097,2024-H2,2024-12-31,6,0,1.5,77.4,71.5,1,75.8,33.7,79.0,3.6,49.1,54.3,Needs Improvement,False,5,EMP-0193
EVAL-EMP-0097-2025-H1,EMP-0097,2025-H1,2025-06-30,6,0,1.5,77.4,71.5,1,75.8,33.7,80.5,3.3,49.1,54.8,Needs Improvement,False,5,EMP-0193
EVAL-EMP-0097-2025-H2,EMP-0097,2025-H2,2025-12-31,5,0,1.5,77.4,71.5,1,75.8,30.4,78.1,3.0,44.1,52.2,Needs Improvement,False,5,EMP-0193
EVAL-EMP-0098-2024-H1,EMP-0098,2024-H1,2024-06-30,3,0,1.5,58.2,73.5,0,51.1,23.8,59.7,3.8,34.2,40.4,Needs Improvement,False,5,EMP-0130
EVAL-EMP-0098-2024-H2,EMP-0098,2024-H2,2024-12-31,3,0,1.5,58.2,73.5,0,51.1,23.8,59.6,4.2,34.2,40.4,Needs Improvement,False,5,EMP-0130
EVAL-EMP-0098-2025-H1,EMP-0098,2025-H1,2025-06-30,3,0,1.5,58.2,73.5,0,51.1,23.8,59.0,3.7,34.2,40.2,Needs Improvement,False,5,EMP-0130
EVAL-EMP-0098-2025-H2,EMP-0098,2025-H2,2025-12-31,3,0,1.5,58.2,73.5,0,51.1,23.8,60.9,4.3,34.2,40.9,Needs Improvement,False,5,EMP-0130
EVAL-EMP-0099-2024-H2,EMP-0099,2024-H2,2024-12-31,2,0,1.5,76.8,83.8,0,77.4,23.7,70.3,4.2,34.0,45.9,Needs Improvement,False,4,EMP-0194
EVAL-EMP-0099-2025-H1,EMP-0099,2025-H1,2025-06-30,2,0,1.5,76.8,83.8,0,77.4,23.7,71.5,4.0,34.0,46.3,Needs Improvement,False,4,EMP-0194
EVAL-EMP-0099-2025-H2,EMP-0099,2025-H2,2025-12-31,2,0,1.5,76.8,83.8,0,77.4,23.7,70.4,4.9,34.0,45.9,Needs Improvement,False,4,EMP-0194
EVAL-EMP-0100-2025-H1,EMP-0100,2025-H1,2025-06-30,8,0,3.5,77.6,64.8,0,83.6,41.8,60.8,3.9,59.1,52.8,Needs Improvement,False,12,EMP-0155
EVAL-EMP-0100-2025-H2,EMP-0100,2025-H2,2025-12-31,8,0,3.5,77.6,64.8,0,83.6,41.8,63.2,3.1,59.1,53.7,Needs Improvement,False,12,EMP-0155
EVAL-EMP-0101-2024-H2,EMP-0101,2024-H2,2024-12-31,1,0,1.5,83.9,69.0,0,85.7,20.1,66.3,4.0,28.7,42.9,Needs Improvement,False,4,EMP-0130
EVAL-EMP-0101-2025-H1,EMP-0101,2025-H1,2025-06-30,1,0,1.5,83.9,69.0,0,85.7,20.1,65.9,4.4,28.7,42.8,Needs Improvement,False,4,EMP-0130
EVAL-EMP-0101-2025-H2,EMP-0101,2025-H2,2025-12-31,1,0,1.5,83.9,69.0,0,85.7,20.1,65.3,4.3,28.7,42.6,Needs Improvement,False,4,EMP-0130
EVAL-EMP-0102-2025-H1,EMP-0102,2025-H1,2025-06-30,6,0,1.5,80.0,77.9,0,76.7,34.0,70.8,4.0,49.5,51.6,Needs Improvement,False,5,EMP-0115
EVAL-EMP-0102-2025-H2,EMP-0102,2025-H2,2025-12-31,5,0,1.5,80.0,77.9,0,76.7,30.7,68.4,4.3,44.5,49.0,Needs Improvement,False,5,EMP-0115
EVAL-EMP-0103-2024-H1,EMP-0103,2024-H1,2024-06-30,5,0,1.5,86.6,84.3,1,85.0,31.3,84.5,3.2,45.5,55.6,Needs Improvement,False,4,EMP-0048
EVAL-EMP-0103-2024-H2,EMP-0103,2024-H2,2024-12-31,4,0,1.5,86.6,84.3,1,85.0,28.0,86.7,2.8,40.5,54.5,Needs Improvement,False,4,EMP-0048
EVAL-EMP-0103-2025-H1,EMP-0103,2025-H1,2025-06-30,5,0,1.5,86.6,84.3,1,85.0,31.3,87.0,2.9,45.5,56.5,Needs Improvement,False,4,EMP-0048
EVAL-EMP-0103-2025-H2,EMP-0103,2025-H2,2025-12-31,4,0,1.5,86.6,84.3,1,85.0,28.0,87.5,3.2,40.5,54.8,Needs Improvement,False,4,EMP-0048
EVAL-EMP-0104-2024-H2,EMP-0104,2024-H2,2024-12-31,5,0,1.5,85.5,63.8,1,79.9,32.7,77.7,3.2,47.6,53.6,Needs Improvement,False,5,EMP-0154
EVAL-EMP-0104-2025-H1,EMP-0104,2025-H1,2025-06-30,5,0,1.5,85.5,63.8,1,79.9,32.7,77.9,3.8,47.6,53.6,Needs Improvement,False,5,EMP-0154
EVAL-EMP-0105-2023-H2,EMP-0105,2023-H2,2023-12-31,2,0,1.5,76.1,77.5,0,73.2,22.5,69.4,5.0,32.2,44.6,Needs Improvement,False,10,EMP-0155
EVAL-EMP-0105-2024-H1,EMP-0105,2024-H1,2024-06-30,3,0,1.5,76.1,77.5,0,73.2,26.9,68.2,4.3,38.9,46.6,Needs Improvement,False,10,EMP-0155
EVAL-EMP-0105-2024-H2,EMP-0105,2024-H2,2024-12-31,3,0,1.5,76.1,77.5,0,73.2,26.9,68.6,4.6,38.9,46.8,Needs Improvement,False,10,EMP-0155
EVAL-EMP-0105-2025-H1,EMP-0105,2025-H1,2025-06-30,3,0,1.5,76.1,77.5,0,73.2,26.9,69.3,4.1,38.9,47.0,Needs Improvement,False,10,EMP-0155
EVAL-EMP-0105-2025-H2,EMP-0105,2025-H2,2025-12-31,3,0,1.5,76.1,77.5,0,73.2,26.9,68.5,5.0,38.9,46.7,Needs Improvement,False,10,EMP-0155
EVAL-EMP-0106-2025-H1,EMP-0106,2025-H1,2025-06-30,4,0,1.5,83.4,59.6,1,78.5,30.3,72.0,3.3,44.0,50.1,Needs Improvement,False,4,EMP-0141
EVAL-EMP-0106-2025-H2,EMP-0106,2025-H2,2025-12-31,4,0,1.5,83.4,59.6,1,78.5,30.3,70.7,3.1,44.0,49.6,Needs Improvement,False,4,EMP-0141
EVAL-EMP-0107-2024-H2,EMP-0107,2024-H2,2024-12-31,6,0,1.5,82.7,77.1,0,84.2,32.7,72.1,4.9,47.6,52.0,Needs Improvement,False,5,EMP-0171
EVAL-EMP-0107-2025-H1,EMP-0107,2025-H1,2025-06-30,6,0,1.5,82.7,77.1,0,84.2,32.7,72.7,4.3,47.6,52.2,Needs Improvement,False,5,EMP-0171
EVAL-EMP-0107-2025-H2,EMP-0107,2025-H2,2025-12-31,7,0,1.5,82.7,77.1,0,84.2,35.8,71.7,4.2,52.2,53.5,Needs Improvement,False,5,EMP-0171
EVAL-EMP-0108-2025-H1,EMP-0108,2025-H1,2025-06-30,2,0,1.5,69.4,78.7,0,59.3,22.9,67.0,4.1,32.9,43.1,Needs Improvement,False,5,EMP-0073
EVAL-EMP-0108-2025-H2,EMP-0108,2025-H2,2025-12-31,2,0,1.5,69.4,78.7,0,59.3,22.9,63.9,4.7,32.9,42.1,Needs Improvement,False,5,EMP-0073
EVAL-EMP-0109-2024-H1,EMP-0109,2024-H1,2024-06-30,7,0,1.5,87.9,83.2,0,84.1,33.5,77.6,4.6,48.7,54.3,Needs Improvement,False,5,EMP-0138
EVAL-EMP-0109-2024-H2,EMP-0109,2024-H2,2024-12-31,7,0,1.5,87.9,83.2,0,84.1,33.5,77.6,4.0,48.7,54.3,Needs Improvement,False,5,EMP-0138
EVAL-EMP-0109-2025-H1,EMP-0109,2025-H1,2025-06-30,8,0,1.5,87.9,83.2,0,84.1,36.1,77.6,4.9,52.7,55.8,Needs Improvement,False,5,EMP-0138
EVAL-EMP-0109-2025-H2,EMP-0109,2025-H2,2025-12-31,8,0,1.5,87.9,83.2,0,84.1,36.1,77.5,5.0,52.7,55.7,Needs Improvement,False,5,EMP-0138
EVAL-EMP-0110-2023-H1,EMP-0110,2023-H1,2023-06-30,4,0,1.5,63.3,79.9,0,48.2,28.3,65.5,5.0,41.0,44.8,Needs Improvement,False,5,EMP-0137
EVAL-EMP-0110-2023-H2,EMP-0110,2023-H2,2023-12-31,4,0,1.5,63.3,79.9,0,48.2,28.3,66.0,5.0,41.0,45.0,Needs Improvement,False,5,EMP-0137
EVAL-EMP-0110-2024-H1,EMP-0110,2024-H1,2024-06-30,4,0,1.5,63.3,79.9,0,48.2,28.3,66.1,4.5,41.0,45.0,Needs Improvement,False,5,EMP-0137
EVAL-EMP-0110-2024-H2,EMP-0110,2024-H2,2024-12-31,4,0,1.5,63.3,79.9,0,48.2,28.3,67.5,4.6,41.0,45.5,Needs Improvement,False,5,EMP-0137
EVAL-EMP-0110-2025-H1,EMP-0110,2025-H1,2025-06-30,4,0,1.5,63.3,79.9,0,48.2,28.3,64.5,4.3,41.0,44.5,Needs Improvement,False,5,EMP-0137
EVAL-EMP-0110-2025-H2,EMP-0110,2025-H2,2025-12-31,3,0,1.5,63.3,79.9,0,48.2,24.3,64.4,4.8,35.0,42.2,Needs Improvement,False,5,EMP-0137
EVAL-EMP-0111-2024-H2,EMP-0111,2024-H2,2024-12-31,4,0,1.5,80.2,80.8,0,81.6,30.0,73.3,4.7,43.5,50.7,Needs Improvement,False,5,EMP-0130
EVAL-EMP-0111-2025-H1,EMP-0111,2025-H1,2025-06-30,4,0,1.5,80.2,80.8,0,81.6,30.0,71.8,4.5,43.5,50.2,Needs Improvement,False,5,EMP-0130
EVAL-EMP-0111-2025-H2,EMP-0111,2025-H2,2025-12-31,4,0,1.5,80.2,80.8,0,81.6,30.0,71.4,4.5,43.5,50.0,Needs Improvement,False,5,EMP-0130
EVAL-EMP-0112-2025-H1,EMP-0112,2025-H1,2025-06-30,6,0,2.5,60.5,59.5,1,50.4,33.2,66.0,2.5,47.3,47.7,Needs Improvement,False,7,EMP-0193
EVAL-EMP-0112-2025-H2,EMP-0112,2025-H2,2025-12-31,7,0,2.5,60.5,59.5,1,50.4,36.0,66.6,3.6,51.6,49.5,Needs Improvement,False,7,EMP-0193
EVAL-EMP-0113-2024-H1,EMP-0113,2024-H1,2024-06-30,6,0,2.5,81.6,69.5,1,79.6,36.6,77.6,2.9,52.4,55.7,Needs Improvement,False,8,EMP-0048
EVAL-EMP-0113-2024-H2,EMP-0113,2024-H2,2024-12-31,7,0,2.5,81.6,69.5,1,79.6,39.7,77.8,3.0,57.1,57.4,Needs Improvement,False,8,EMP-0048
EVAL-EMP-0113-2025-H1,EMP-0113,2025-H1,2025-06-30,7,0,2.5,81.6,69.5,1,79.6,39.7,77.9,3.3,57.1,57.5,Needs Improvement,False,8,EMP-0048
EVAL-EMP-0113-2025-H2,EMP-0113,2025-H2,2025-12-31,7,0,2.5,81.6,69.5,1,79.6,39.7,78.2,3.2,57.1,57.6,Needs Improvement,False,8,EMP-0048
EVAL-EMP-0114-2025-H1,EMP-0114,2025-H1,2025-06-30,3,0,1.5,64.9,68.7,0,59.2,25.8,58.2,4.4,37.2,41.6,Needs Improvement,False,4,EMP-0144
EVAL-EMP-0114-2025-H2,EMP-0114,2025-H2,2025-12-31,3,0,1.5,64.9,68.7,0,59.2,25.8,57.2,4.2,37.2,41.2,Needs Improvement,False,4,EMP-0144
EVAL-EMP-0115-2024-H2,EMP-0115,2024-H2,2024-12-31,7,1,3.5,59.3,67.2,0,50.4,48.6,53.3,3.7,54.4,51.7,Needs Improvement,False,18,
EVAL-EMP-0116-2023-H2,EMP-0116,2023-H2,2023-12-31,9,2,3.5,79.3,69.8,1,77.3,59.4,76.8,3.6,63.2,67.7,Meets Expectations,False,15,EMP-0171
EVAL-EMP-0116-2024-H1,EMP-0116,2024-H1,2024-06-30,10,2,3.5,79.3,69.8,1,77.3,61.9,76.3,2.1,66.9,68.9,Meets Expectations,False,15,EMP-0171
EVAL-EMP-0116-2024-H2,EMP-0116,2024-H2,2024-12-31,9,2,3.5,79.3,69.8,1,77.3,59.4,76.7,3.1,63.2,67.7,Meets Expectations,False,15,EMP-0171
EVAL-EMP-0116-2025-H1,EMP-0116,2025-H1,2025-06-30,9,2,3.5,79.3,69.8,1,77.3,59.4,76.9,2.7,63.2,67.7,Meets Expectations,False,15,EMP-0171
EVAL-EMP-0116-2025-H2,EMP-0116,2025-H2,2025-12-31,9,2,3.5,79.3,69.8,1,77.3,59.4,75.5,3.4,63.2,67.2,Meets Expectations,False,15,EMP-0171
EVAL-EMP-0117-2024-H1,EMP-0117,2024-H1,2024-06-30,8,0,2.5,64.1,74.7,0,52.1,37.7,61.1,4.6,54.1,48.7,Needs Improvement,False,8,EMP-0028
EVAL-EMP-0117-2024-H2,EMP-0117,2024-H2,2024-12-31,8,0,2.5,64.1,74.7,0,52.1,37.7,60.3,4.6,54.1,48.4,Needs Improvement,False,8,EMP-0028
EVAL-EMP-0117-2025-H1,EMP-0117,2025-H1,2025-06-30,8,0,2.5,64.1,74.7,0,52.1,37.7,60.6,4.8,54.1,48.5,Needs Improvement,False,8,EMP-0028
EVAL-EMP-0117-2025-H2,EMP-0117,2025-H2,2025-12-31,8,0,2.5,64.1,74.7,0,52.1,37.7,60.7,5.0,54.1,48.5,Needs Improvement,False,8,EMP-0028
EVAL-EMP-0118-2024-H2,EMP-0118,2024-H2,2024-12-31,2,0,1.5,70.0,70.1,0,73.0,23.0,62.4,4.5,33.0,42.2,Needs Improvement,False,4,EMP-0100
EVAL-EMP-0118-2025-H1,EMP-0118,2025-H1,2025-06-30,2,0,1.5,70.0,70.1,0,73.0,23.0,61.7,3.6,33.0,42.0,Needs Improvement,False,4,EMP-0100
EVAL-EMP-0118-2025-H2,EMP-0118,2025-H2,2025-12-31,2,0,1.5,70.0,70.1,0,73.0,23.0,63.4,3.6,33.0,42.6,Needs Improvement,False,4,EMP-0100
EVAL-EMP-0119-2024-H1,EMP-0119,2024-H1,2024-06-30,3,0,1.5,83.9,73.2,0,79.6,27.7,67.8,3.6,40.1,47.3,Needs Improvement,False,5,EMP-0115
EVAL-EMP-0119-2024-H2,EMP-0119,2024-H2,2024-12-31,2,0,1.5,83.9,73.2,0,79.6,23.3,66.7,5.0,33.4,44.5,Needs Improvement,False,5,EMP-0115
EVAL-EMP-0119-2025-H1,EMP-0119,2025-H1,2025-06-30,2,0,1.5,83.9,73.2,0,79.6,23.3,68.1,5.0,33.4,45.0,Needs Improvement,False,5,EMP-0115
EVAL-EMP-0119-2025-H2,EMP-0119,2025-H2,2025-12-31,3,0,1.5,83.9,73.2,0,79.6,27.7,67.2,4.8,40.1,47.1,Needs Improvement,False,5,EMP-0115
EVAL-EMP-0120-2023-H2,EMP-0120,2023-H2,2023-12-31,9,0,2.5,79.3,81.2,0,79.6,41.9,71.3,4.1,60.4,56.4,Needs Improvement,False,8,EMP-0139
EVAL-EMP-0120-2024-H1,EMP-0120,2024-H1,2024-06-30,9,0,2.5,79.3,81.2,0,79.6,41.9,70.2,4.3,60.4,56.0,Needs Improvement,False,8,EMP-0139
EVAL-EMP-0120-2024-H2,EMP-0120,2024-H2,2024-12-31,9,0,2.5,79.3,81.2,0,79.6,41.9,70.1,4.5,60.4,56.0,Needs Improvement,False,8,EMP-0139
EVAL-EMP-0120-2025-H1,EMP-0120,2025-H1,2025-06-30,9,0,2.5,79.3,81.2,0,79.6,41.9,69.8,5.0,60.4,55.9,Needs Improvement,False,8,EMP-0139
EVAL-EMP-0120-2025-H2,EMP-0120,2025-H2,2025-12-31,7,0,2.5,79.3,81.2,0,79.6,36.6,70.2,4.9,52.4,53.1,Needs Improvement,False,8,EMP-0139
EVAL-EMP-0121-2025-H1,EMP-0121,2025-H1,2025-06-30,4,0,1.5,73.4,89.1,0,75.3,29.3,72.3,4.2,42.5,49.5,Needs Improvement,False,5,EMP-0193
EVAL-EMP-0122-2024-H1,EMP-0122,2024-H1,2024-06-30,8,1,2.5,94.6,81.6,0,90.9,49.5,75.1,4.8,56.7,62.7,Meets Expectations,False,8,EMP-0137
EVAL-EMP-0122-2024-H2,EMP-0122,2024-H2,2024-12-31,8,1,2.5,94.6,81.6,0,90.9,49.5,75.6,4.8,56.7,62.9,Meets Expectations,False,8,EMP-0137
EVAL-EMP-0122-2025-H1,EMP-0122,2025-H1,2025-06-30,9,1,2.5,94.6,81.6,0,90.9,52.0,76.2,4.5,60.4,64.5,Meets Expectations,False,8,EMP-0137
EVAL-EMP-0122-2025-H2,EMP-0122,2025-H2,2025-12-31,9,1,2.5,94.6,81.6,0,90.9,52.0,76.0,5.0,60.4,64.4,Meets Expectations,False,8,EMP-0137
EVAL-EMP-0123-2024-H2,EMP-0123,2024-H2,2024-12-31,10,0,2.5,81.4,75.4,0,78.8,43.1,68.5,4.1,62.2,56.0,Needs Improvement,False,8,EMP-0155
EVAL-EMP-0123-2025-H1,EMP-0123,2025-H1,2025-06-30,10,0,2.5,81.4,75.4,0,78.8,43.1,69.4,4.5,62.2,56.4,Needs Improvement,False,8,EMP-0155
EVAL-EMP-0123-2025-H2,EMP-0123,2025-H2,2025-12-31,9,0,2.5,81.4,75.4,0,78.8,40.6,67.6,4.3,58.5,54.4,Needs Improvement,False,8,EMP-0155
EVAL-EMP-0124-2025-H1,EMP-0124,2025-H1,2025-06-30,2,0,1.5,68.6,71.4,1,62.9,22.9,73.8,2.6,32.8,45.6,Needs Improvement,False,5,EMP-0116
EVAL-EMP-0125-2024-H2,EMP-0125,2024-H2,2024-12-31,5,1,1.5,79.8,76.7,0,71.6,40.6,71.4,4.2,44.5,55.3,Needs Improvement,False,10,EMP-0076
EVAL-EMP-0125-2025-H1,EMP-0125,2025-H1,2025-06-30,6,1,1.5,79.8,76.7,0,71.6,44.0,69.8,5.0,49.5,56.6,Needs Improvement,False,10,EMP-0076
EVAL-EMP-0125-2025-H2,EMP-0125,2025-H2,2025-12-31,6,1,1.5,79.8,76.7,0,71.6,44.0,71.1,3.9,49.5,57.0,Needs Improvement,False,10,EMP-0076
EVAL-EMP-0126-2025-H1,EMP-0126,2025-H1,2025-06-30,1,0,1.5,57.5,68.2,1,57.1,20.0,69.6,2.7,26.1,42.1,Needs Improvement,False,4,EMP-0194
EVAL-EMP-0126-2025-H2,EMP-0126,2025-H2,2025-12-31,1,0,1.5,57.5,68.2,1,57.1,20.0,70.9,2.0,26.1,42.5,Needs Improvement,False,4,EMP-0194
EVAL-EMP-0127-2024-H1,EMP-0127,2024-H1,2024-06-30,6,0,1.5,86.1,77.4,0,81.6,33.1,69.1,4.7,48.1,51.0,Needs Improvement,False,5,EMP-0073
EVAL-EMP-0127-2024-H2,EMP-0127,2024-H2,2024-12-31,7,0,1.5,86.1,77.4,0,81.6,36.1,70.2,4.5,52.7,53.0,Needs Improvement,False,5,EMP-0073
EVAL-EMP-0128-2024-H2,EMP-0128,2024-H2,2024-12-31,7,0,2.5,86.4,65.4,0,82.7,38.6,67.0,4.1,55.5,53.3,Needs Improvement,False,8,EMP-0158
EVAL-EMP-0128-2025-H1,EMP-0128,2025-H1,2025-06-30,7,0,2.5,86.4,65.4,0,82.7,38.6,67.5,4.8,55.5,53.5,Needs Improvement,False,8,EMP-0158
EVAL-EMP-0129-2024-H1,EMP-0129,2024-H1,2024-06-30,1,0,1.5,81.9,78.3,0,79.8,20.0,70.7,4.7,28.4,44.1,Needs Improvement,False,5,EMP-0193
EVAL-EMP-0129-2024-H2,EMP-0129,2024-H2,2024-12-31,1,0,1.5,81.9,78.3,0,79.8,20.0,70.4,4.5,28.4,44.0,Needs Improvement,False,5,EMP-0193
EVAL-EMP-0129-2025-H1,EMP-0129,2025-H1,2025-06-30,1,0,1.5,81.9,78.3,0,79.8,20.0,67.9,5.0,28.4,43.1,Needs Improvement,False,5,EMP-0193
EVAL-EMP-0129-2025-H2,EMP-0129,2025-H2,2025-12-31,1,0,1.5,81.9,78.3,0,79.8,20.0,69.0,4.6,28.4,43.5,Needs Improvement,False,5,EMP-0193
EVAL-EMP-0130-2025-H1,EMP-0130,2025-H1,2025-06-30,8,0,3.5,77.8,50.5,0,83.0,41.8,56.8,4.2,59.2,51.4,Needs Improvement,False,12,EMP-0052
EVAL-EMP-0130-2025-H2,EMP-0130,2025-H2,2025-12-31,10,0,3.5,77.8,50.5,0,83.0,46.8,56.9,4.1,66.7,54.1,Needs Improvement,False,12,EMP-0052
EVAL-EMP-0131-2023-H1,EMP-0131,2023-H1,2023-06-30,10,0,3.5,81.1,67.9,1,78.8,47.1,77.0,2.3,67.2,61.1,Meets Expectations,False,12,
EVAL-EMP-0131-2023-H2,EMP-0131,2023-H2,2023-12-31,9,0,3.5,81.1,67.9,1,78.8,44.6,77.8,2.4,63.4,60.0,Meets Expectations,False,12,
EVAL-EMP-0131-2024-H1,EMP-0131,2024-H1,2024-06-30,8,0,3.5,81.1,67.9,1,78.8,42.1,76.2,3.3,59.7,58.0,Meets Expectations,False,12,
EVAL-EMP-0131-2024-H2,EMP-0131,2024-H2,2024-12-31,10,0,3.5,81.1,67.9,1,78.8,47.1,75.6,3.1,67.2,60.6,Meets Expectations,False,12,
EVAL-EMP-0131-2025-H1,EMP-0131,2025-H1,2025-06-30,10,0,3.5,81.1,67.9,1,78.8,47.1,76.0,2.9,67.2,60.7,Meets Expectations,False,12,
EVAL-EMP-0131-2025-H2,EMP-0131,2025-H2,2025-12-31,9,0,3.5,81.1,67.9,1,78.8,44.6,76.9,2.9,63.4,59.6,Meets Expectations,False,12,
EVAL-EMP-0132-2024-H1,EMP-0132,2024-H1,2024-06-30,2,0,1.5,74.6,74.1,1,70.5,23.5,75.6,3.2,33.7,47.1,Needs Improvement,False,10,EMP-0073
EVAL-EMP-0132-2024-H2,EMP-0132,2024-H2,2024-12-31,2,0,1.5,74.6,74.1,1,70.5,23.5,76.1,2.8,33.7,47.3,Needs Improvement,False,10,EMP-0073
EVAL-EMP-0132-2025-H1,EMP-0132,2025-H1,2025-06-30,2,0,1.5,74.6,74.1,1,70.5,23.5,75.1,4.2,33.7,46.9,Needs Improvement,False,10,EMP-0073
EVAL-EMP-0132-2025-H2,EMP-0132,2025-H2,2025-12-31,2,0,1.5,74.6,74.1,1,70.5,23.5,74.7,2.7,33.7,46.8,Needs Improvement,False,10,EMP-0073
EVAL-EMP-0133-2025-H1,EMP-0133,2025-H1,2025-06-30,9,0,4.0,76.4,68.5,0,79.1,47.6,60.7,3.5,67.5,55.5,Needs Improvement,False,18,EMP-0194
EVAL-EMP-0133-2025-H2,EMP-0133,2025-H2,2025-12-31,8,0,4.0,76.4,68.5,0,79.1,45.0,60.7,4.2,63.5,54.1,Needs Improvement,False,18,EMP-0194
EVAL-EMP-0134-2024-H2,EMP-0134,2024-H2,2024-12-31,6,1,3.5,55.8,61.5,0,38.9,46.7,50.1,4.7,51.6,48.8,Needs Improvement,False,15,EMP-0029
EVAL-EMP-0134-2025-H1,EMP-0134,2025-H1,2025-06-30,7,1,3.5,55.8,61.5,0,38.9,49.6,50.2,4.4,55.9,50.4,Needs Improvement,False,15,EMP-0029
EVAL-EMP-0134-2025-H2,EMP-0134,2025-H2,2025-12-31,7,1,3.5,55.8,61.5,0,38.9,49.6,49.6,4.3,55.9,50.2,Needs Improvement,False,15,EMP-0029
EVAL-EMP-0135-2024-H2,EMP-0135,2024-H2,2024-12-31,4,0,1.5,82.3,72.0,1,72.4,30.2,76.7,3.4,43.8,51.2,Needs Improvement,False,4,EMP-0131
EVAL-EMP-0135-2025-H1,EMP-0135,2025-H1,2025-06-30,3,0,1.5,82.3,72.0,1,72.4,26.2,75.3,3.3,37.8,48.6,Needs Improvement,False,4,EMP-0131
EVAL-EMP-0135-2025-H2,EMP-0135,2025-H2,2025-12-31,4,0,1.5,82.3,72.0,1,72.4,30.2,76.5,3.6,43.8,51.2,Needs Improvement,False,4,EMP-0131
EVAL-EMP-0136-2023-H2,EMP-0136,2023-H2,2023-12-31,4,0,1.5,84.6,85.7,0,84.4,30.5,76.6,5.0,44.2,52.4,Needs Improvement,False,5,EMP-0058
EVAL-EMP-0136-2024-H1,EMP-0136,2024-H1,2024-06-30,4,0,1.5,84.6,85.7,0,84.4,30.5,76.1,3.6,44.2,52.2,Needs Improvement,False,5,EMP-0058
EVAL-EMP-0136-2024-H2,EMP-0136,2024-H2,2024-12-31,3,0,1.5,84.6,85.7,0,84.4,26.5,76.2,4.8,38.2,50.0,Needs Improvement,False,5,EMP-0058
EVAL-EMP-0136-2025-H1,EMP-0136,2025-H1,2025-06-30,4,0,1.5,84.6,85.7,0,84.4,30.5,77.0,4.6,44.2,52.5,Needs Improvement,False,5,EMP-0058
EVAL-EMP-0136-2025-H2,EMP-0136,2025-H2,2025-12-31,4,0,1.5,84.6,85.7,0,84.4,30.5,76.3,4.6,44.2,52.3,Needs Improvement,False,5,EMP-0058
EVAL-EMP-0137-2025-H1,EMP-0137,2025-H1,2025-06-30,7,1,3.5,71.0,65.4,0,70.0,50.1,58.0,4.3,60.5,55.4,Needs Improvement,False,18,EMP-0171
EVAL-EMP-0137-2025-H2,EMP-0137,2025-H2,2025-12-31,6,1,3.5,71.0,65.4,0,70.0,47.1,57.9,4.1,55.8,53.7,Needs Improvement,False,18,EMP-0171
EVAL-EMP-0138-2023-H2,EMP-0138,2023-H2,2023-12-31,5,0,3.5,84.5,61.2,0,81.9,37.8,59.0,4.5,53.3,50.0,Needs Improvement,False,15,EMP-0004
EVAL-EMP-0138-2024-H1,EMP-0138,2024-H1,2024-06-30,6,0,3.5,84.5,61.2,0,81.9,40.9,59.4,4.8,57.9,51.8,Needs Improvement,False,15,EMP-0004
EVAL-EMP-0138-2024-H2,EMP-0138,2024-H2,2024-12-31,7,0,3.5,84.5,61.2,0,81.9,44.0,61.1,4.3,62.5,54.1,Needs Improvement,False,15,EMP-0004
EVAL-EMP-0138-2025-H1,EMP-0138,2025-H1,2025-06-30,5,0,3.5,84.5,61.2,0,81.9,37.8,59.8,4.8,53.3,50.3,Needs Improvement,False,15,EMP-0004
EVAL-EMP-0138-2025-H2,EMP-0138,2025-H2,2025-12-31,7,0,3.5,84.5,61.2,0,81.9,44.0,58.9,4.3,62.5,53.4,Needs Improvement,False,15,EMP-0004
EVAL-EMP-0139-2024-H1,EMP-0139,2024-H1,2024-06-30,7,1,3.5,66.5,65.7,1,60.1,50.7,69.5,2.6,57.5,59.2,Meets Expectations,False,12,EMP-0158
EVAL-EMP-0139-2024-H2,EMP-0139,2024-H2,2024-12-31,6,1,3.5,66.5,65.7,1,60.1,47.8,69.2,2.7,53.2,57.5,Needs Improvement,False,12,EMP-0158
EVAL-EMP-0139-2025-H1,EMP-0139,2025-H1,2025-06-30,6,1,3.5,66.5,65.7,1,60.1,47.8,69.0,3.4,53.2,57.4,Needs Improvement,False,12,EMP-0158
EVAL-EMP-0139-2025-H2,EMP-0139,2025-H2,2025-12-31,8,1,3.5,66.5,65.7,1,60.1,53.5,70.5,2.3,61.8,61.1,Meets Expectations,False,12,EMP-0158
EVAL-EMP-0140-2024-H1,EMP-0140,2024-H1,2024-06-30,1,0,1.5,73.9,73.7,0,72.2,20.0,67.1,4.4,27.2,42.3,Needs Improvement,False,5,EMP-0137
EVAL-EMP-0140-2024-H2,EMP-0140,2024-H2,2024-12-31,1,0,1.5,73.9,73.7,0,72.2,20.0,67.6,3.6,27.2,42.4,Needs Improvement,False,5,EMP-0137
EVAL-EMP-0140-2025-H1,EMP-0140,2025-H1,2025-06-30,1,0,1.5,73.9,73.7,0,72.2,20.0,66.7,3.9,27.2,42.1,Needs Improvement,False,5,EMP-0137
EVAL-EMP-0140-2025-H2,EMP-0140,2025-H2,2025-12-31,1,0,1.5,73.9,73.7,0,72.2,20.0,66.4,4.5,27.2,42.0,Needs Improvement,False,5,EMP-0137
EVAL-EMP-0141-2025-H1,EMP-0141,2025-H1,2025-06-30,5,0,3.5,75.5,63.1,0,76.1,38.2,58.1,4.1,53.8,49.5,Needs Improvement,False,18,EMP-0032
EVAL-EMP-0142-2024-H1,EMP-0142,2024-H1,2024-06-30,3,0,1.5,79.0,65.9,0,76.4,25.9,64.1,4.2,37.3,44.6,Needs Improvement,False,6,EMP-0158
EVAL-EMP-0142-2024-H2,EMP-0142,2024-H2,2024-12-31,4,0,1.5,79.0,65.9,0,76.4,29.9,65.2,3.5,43.3,47.2,Needs Improvement,False,6,EMP-0158
EVAL-EMP-0142-2025-H1,EMP-0142,2025-H1,2025-06-30,3,0,1.5,79.0,65.9,0,76.4,25.9,65.3,4.6,37.3,45.1,Needs Improvement,False,6,EMP-0158
EVAL-EMP-0142-2025-H2,EMP-0142,2025-H2,2025-12-31,3,0,1.5,79.0,65.9,0,76.4,25.9,65.7,3.9,37.3,45.2,Needs Improvement,False,6,EMP-0158
EVAL-EMP-0143-2025-H1,EMP-0143,2025-H1,2025-06-30,3,0,3.5,60.6,60.8,0,42.6,32.1,49.5,4.4,44.6,40.8,Needs Improvement,False,15,EMP-0043
EVAL-EMP-0143-2025-H2,EMP-0143,2025-H2,2025-12-31,4,0,3.5,60.6,60.8,0,42.6,36.1,50.3,4.3,50.6,43.2,Needs Improvement,False,15,EMP-0043
EVAL-EMP-0144-2023-H2,EMP-0144,2023-H2,2023-12-31,7,1,3.5,74.3,66.8,0,66.3,53.0,58.6,4.4,60.9,57.2,Needs Improvement,False,18,EMP-0043
EVAL-EMP-0144-2024-H1,EMP-0144,2024-H1,2024-06-30,7,1,3.5,74.3,66.8,0,66.3,53.0,59.3,4.2,60.9,57.4,Needs Improvement,False,18,EMP-0043
EVAL-EMP-0144-2024-H2,EMP-0144,2024-H2,2024-12-31,5,1,3.5,74.3,66.8,0,66.3,46.8,59.8,5.0,51.7,54.2,Needs Improvement,False,18,EMP-0043
EVAL-EMP-0144-2025-H1,EMP-0144,2025-H1,2025-06-30,7,1,3.5,74.3,66.8,0,66.3,53.0,59.8,4.5,60.9,57.6,Needs Improvement,False,18,EMP-0043
EVAL-EMP-0144-2025-H2,EMP-0144,2025-H2,2025-12-31,6,1,3.5,74.3,66.8,0,66.3,49.9,61.0,5.0,56.3,56.3,Needs Improvement,False,18,EMP-0043
EVAL-EMP-0145-2024-H1,EMP-0145,2024-H1,2024-06-30,1,0,1.5,81.2,70.7,1,74.8,20.0,75.4,2.7,28.2,45.5,Needs Improvement,False,6,EMP-0032
EVAL-EMP-0145-2024-H2,EMP-0145,2024-H2,2024-12-31,1,0,1.5,81.2,70.7,1,74.8,20.0,74.4,2.7,28.2,45.2,Needs Improvement,False,6,EMP-0032
EVAL-EMP-0145-2025-H1,EMP-0145,2025-H1,2025-06-30,1,0,1.5,81.2,70.7,1,74.8,20.0,76.4,3.9,28.2,45.9,Needs Improvement,False,6,EMP-0032
EVAL-EMP-0146-2023-H1,EMP-0146,2023-H1,2023-06-30,2,0,1.5,80.5,82.1,0,76.9,24.0,72.4,4.4,34.6,46.8,Needs Improvement,False,4,EMP-0133
EVAL-EMP-0146-2023-H2,EMP-0146,2023-H2,2023-12-31,2,0,1.5,80.5,82.1,0,76.9,24.0,73.1,4.8,34.6,47.1,Needs Improvement,False,4,EMP-0133
EVAL-EMP-0146-2024-H1,EMP-0146,2024-H1,2024-06-30,2,0,1.5,80.5,82.1,0,76.9,24.0,74.6,5.0,34.6,47.6,Needs Improvement,False,4,EMP-0133
EVAL-EMP-0146-2024-H2,EMP-0146,2024-H2,2024-12-31,2,0,1.5,80.5,82.1,0,76.9,24.0,73.0,4.4,34.6,47.0,Needs Improvement,False,4,EMP-0133
EVAL-EMP-0146-2025-H1,EMP-0146,2025-H1,2025-06-30,2,0,1.5,80.5,82.1,0,76.9,24.0,74.7,4.5,34.6,47.6,Needs Improvement,False,4,EMP-0133
EVAL-EMP-0146-2025-H2,EMP-0146,2025-H2,2025-12-31,2,0,1.5,80.5,82.1,0,76.9,24.0,74.8,5.0,34.6,47.7,Needs Improvement,False,4,EMP-0133
EVAL-EMP-0147-2025-H1,EMP-0147,2025-H1,2025-06-30,5,0,1.5,77.7,68.4,0,69.2,32.0,64.2,4.4,46.4,47.9,Needs Improvement,False,6,EMP-0115
EVAL-EMP-0147-2025-H2,EMP-0147,2025-H2,2025-12-31,4,0,1.5,77.7,68.4,0,69.2,28.3,63.6,4.5,41.0,45.6,Needs Improvement,False,6,EMP-0115
EVAL-EMP-0148-2025-H1,EMP-0148,2025-H1,2025-06-30,5,0,1.5,84.2,78.3,1,81.5,31.1,82.7,3.3,45.1,54.4,Needs Improvement,False,6,EMP-0144
EVAL-EMP-0148-2025-H2,EMP-0148,2025-H2,2025-12-31,6,0,1.5,84.2,78.3,1,81.5,34.4,81.7,3.1,50.1,55.9,Needs Improvement,False,6,EMP-0144
EVAL-EMP-0149-2024-H1,EMP-0149,2024-H1,2024-06-30,1,0,1.5,77.3,64.2,0,75.1,20.0,62.2,4.0,27.7,40.7,Needs Improvement,False,4,EMP-0100
EVAL-EMP-0149-2024-H2,EMP-0149,2024-H2,2024-12-31,1,0,1.5,77.3,64.2,0,75.1,20.0,62.1,4.8,27.7,40.6,Needs Improvement,False,4,EMP-0100
EVAL-EMP-0149-2025-H1,EMP-0149,2025-H1,2025-06-30,1,0,1.5,77.3,64.2,0,75.1,20.0,61.0,3.8,27.7,40.3,Needs Improvement,False,4,EMP-0100
EVAL-EMP-0149-2025-H2,EMP-0149,2025-H2,2025-12-31,1,0,1.5,77.3,64.2,0,75.1,20.0,61.7,3.9,27.7,40.5,Needs Improvement,False,4,EMP-0100
EVAL-EMP-0150-2023-H2,EMP-0150,2023-H2,2023-12-31,9,1,3.5,80.0,66.9,1,80.7,53.2,76.4,2.9,61.3,64.4,Meets Expectations,False,12,EMP-0141
EVAL-EMP-0150-2024-H1,EMP-0150,2024-H1,2024-06-30,11,1,3.5,80.0,66.9,1,80.7,57.9,77.6,4.4,68.3,67.4,Meets Expectations,False,12,EMP-0141
EVAL-EMP-0150-2024-H2,EMP-0150,2024-H2,2024-12-31,10,1,3.5,80.0,66.9,1,80.7,55.5,78.3,2.9,64.8,66.3,Meets Expectations,False,12,EMP-0141
EVAL-EMP-0150-2025-H1,EMP-0150,2025-H1,2025-06-30,9,1,3.5,80.0,66.9,1,80.7,53.2,77.8,2.7,61.3,64.9,Meets Expectations,False,12,EMP-0141
EVAL-EMP-0150-2025-H2,EMP-0150,2025-H2,2025-12-31,9,1,3.5,80.0,66.9,1,80.7,53.2,76.3,2.5,61.3,64.4,Meets Expectations,False,12,EMP-0141
EVAL-EMP-0151-2025-H1,EMP-0151,2025-H1,2025-06-30,6,0,2.5,71.6,71.2,1,66.8,37.2,73.7,2.9,53.2,53.7,Needs Improvement,False,8,EMP-0154
EVAL-EMP-0151-2025-H2,EMP-0151,2025-H2,2025-12-31,5,0,2.5,71.6,71.2,1,66.8,33.8,75.2,2.8,48.2,52.4,Needs Improvement,False,8,EMP-0154
EVAL-EMP-0152-2025-H1,EMP-0152,2025-H1,2025-06-30,4,0,1.5,79.9,82.6,0,76.4,30.0,71.7,4.4,43.5,49.9,Needs Improvement,False,4,EMP-0150
EVAL-EMP-0152-2025-H2,EMP-0152,2025-H2,2025-12-31,4,0,1.5,79.9,82.6,0,76.4,30.0,72.0,4.1,43.5,50.0,Needs Improvement,False,4,EMP-0150
EVAL-EMP-0153-2024-H1,EMP-0153,2024-H1,2024-06-30,1,0,1.5,81.5,59.9,0,84.2,20.8,62.5,4.2,29.7,42.0,Needs Improvement,False,5,EMP-0032
EVAL-EMP-0154-2025-H1,EMP-0154,2025-H1,2025-06-30,8,0,3.5,49.4,61.5,0,38.2,38.9,48.9,4.8,54.9,44.0,Needs Improvement,False,18,EMP-0052
EVAL-EMP-0154-2025-H2,EMP-0154,2025-H2,2025-12-31,8,0,3.5,49.4,61.5,0,38.2,38.9,48.7,4.3,54.9,43.9,Needs Improvement,False,18,EMP-0052
EVAL-EMP-0155-2025-H1,EMP-0155,2025-H1,2025-06-30,10,0,4.0,59.5,57.7,1,52.7,46.9,62.9,2.6,66.4,54.2,Needs Improvement,False,18,EMP-0093
EVAL-EMP-0155-2025-H2,EMP-0155,2025-H2,2025-12-31,9,0,4.0,59.5,57.7,1,52.7,44.4,63.4,2.3,62.7,53.0,Needs Improvement,False,18,EMP-0093
EVAL-EMP-0156-2024-H2,EMP-0156,2024-H2,2024-12-31,7,0,2.5,76.0,71.3,0,70.0,36.3,61.8,4.6,51.9,49.2,Needs Improvement,False,8,EMP-0116
EVAL-EMP-0156-2025-H1,EMP-0156,2025-H1,2025-06-30,7,0,2.5,76.0,71.3,0,70.0,36.3,62.2,4.6,51.9,49.4,Needs Improvement,False,8,EMP-0116
EVAL-EMP-0156-2025-H2,EMP-0156,2025-H2,2025-12-31,9,0,2.5,76.0,71.3,0,70.0,41.6,61.8,4.6,59.9,52.1,Needs Improvement,False,8,EMP-0116
EVAL-EMP-0157-2023-H2,EMP-0157,2023-H2,2023-12-31,7,0,2.5,77.4,64.6,1,74.6,37.7,73.9,2.9,54.1,54.6,Needs Improvement,False,7,EMP-0069
EVAL-EMP-0157-2024-H1,EMP-0157,2024-H1,2024-06-30,6,0,2.5,77.4,64.6,1,74.6,34.9,74.1,2.1,49.8,53.1,Needs Improvement,False,7,EMP-0069
EVAL-EMP-0157-2024-H2,EMP-0157,2024-H2,2024-12-31,8,0,2.5,77.4,64.6,1,74.6,40.6,72.8,4.0,58.4,55.8,Needs Improvement,False,7,EMP-0069
EVAL-EMP-0157-2025-H1,EMP-0157,2025-H1,2025-06-30,8,0,2.5,77.4,64.6,1,74.6,40.6,72.4,2.3,58.4,55.7,Needs Improvement,False,7,EMP-0069
EVAL-EMP-0157-2025-H2,EMP-0157,2025-H2,2025-12-31,7,0,2.5,77.4,64.6,1,74.6,37.7,71.7,3.4,54.1,53.8,Needs Improvement,False,7,EMP-0069
EVAL-EMP-0158-2025-H1,EMP-0158,2025-H1,2025-06-30,7,0,3.5,59.0,62.0,0,55.6,41.4,52.6,3.8,58.7,47.7,Needs Improvement,False,18,EMP-0043
EVAL-EMP-0158-2025-H2,EMP-0158,2025-H2,2025-12-31,7,0,3.5,59.0,62.0,0,55.6,41.4,54.1,3.7,58.7,48.2,Needs Improvement,False,18,EMP-0043
EVAL-EMP-0159-2024-H2,EMP-0159,2024-H2,2024-12-31,2,0,1.5,83.8,70.5,0,82.7,24.4,64.7,4.6,35.1,44.7,Needs Improvement,False,5,EMP-0144
EVAL-EMP-0159-2025-H1,EMP-0159,2025-H1,2025-06-30,2,0,1.5,83.8,70.5,0,82.7,24.4,65.9,4.4,35.1,45.1,Needs Improvement,False,5,EMP-0144
EVAL-EMP-0159-2025-H2,EMP-0159,2025-H2,2025-12-31,2,0,1.5,83.8,70.5,0,82.7,24.4,63.6,4.5,35.1,44.3,Needs Improvement,False,5,EMP-0144
EVAL-EMP-0160-2024-H1,EMP-0160,2024-H1,2024-06-30,3,0,1.5,65.9,80.6,0,61.6,25.9,66.5,3.9,37.4,44.5,Needs Improvement,False,10,EMP-0158
EVAL-EMP-0160-2024-H2,EMP-0160,2024-H2,2024-12-31,3,0,1.5,65.9,80.6,0,61.6,25.9,66.7,4.3,37.4,44.6,Needs Improvement,False,10,EMP-0158
EVAL-EMP-0160-2025-H1,EMP-0160,2025-H1,2025-06-30,3,0,1.5,65.9,80.6,0,61.6,25.9,66.3,4.0,37.4,44.4,Needs Improvement,False,10,EMP-0158
EVAL-EMP-0161-2024-H1,EMP-0161,2024-H1,2024-06-30,2,0,1.5,82.6,67.7,0,84.0,24.3,66.5,4.4,34.9,45.3,Needs Improvement,False,4,EMP-0100
EVAL-EMP-0161-2024-H2,EMP-0161,2024-H2,2024-12-31,2,0,1.5,82.6,67.7,0,84.0,24.3,65.9,4.9,34.9,45.1,Needs Improvement,False,4,EMP-0100
EVAL-EMP-0161-2025-H1,EMP-0161,2025-H1,2025-06-30,2,0,1.5,82.6,67.7,0,84.0,24.3,66.7,4.0,34.9,45.4,Needs Improvement,False,4,EMP-0100
EVAL-EMP-0161-2025-H2,EMP-0161,2025-H2,2025-12-31,2,0,1.5,82.6,67.7,0,84.0,24.3,66.2,4.7,34.9,45.2,Needs Improvement,False,4,EMP-0100
EVAL-EMP-0162-2025-H1,EMP-0162,2025-H1,2025-06-30,6,0,1.5,76.7,77.9,0,76.3,33.7,69.8,4.3,49.0,51.0,Needs Improvement,False,5,EMP-0131
EVAL-EMP-0162-2025-H2,EMP-0162,2025-H2,2025-12-31,6,0,1.5,76.7,77.9,0,76.3,33.7,70.7,4.8,49.0,51.3,Needs Improvement,False,5,EMP-0131
EVAL-EMP-0163-2023-H2,EMP-0163,2023-H2,2023-12-31,3,0,1.5,94.0,78.7,0,92.3,28.7,75.4,4.7,41.6,51.5,Needs Improvement,False,5,EMP-0155
EVAL-EMP-0163-2024-H1,EMP-0163,2024-H1,2024-06-30,3,0,1.5,94.0,78.7,0,92.3,28.7,76.3,5.0,41.6,51.8,Needs Improvement,False,5,EMP-0155
EVAL-EMP-0163-2024-H2,EMP-0163,2024-H2,2024-12-31,3,0,1.5,94.0,78.7,0,92.3,28.7,75.6,4.8,41.6,51.6,Needs Improvement,False,5,EMP-0155
EVAL-EMP-0163-2025-H1,EMP-0163,2025-H1,2025-06-30,3,0,1.5,94.0,78.7,0,92.3,28.7,76.5,5.0,41.6,51.9,Needs Improvement,False,5,EMP-0155
EVAL-EMP-0163-2025-H2,EMP-0163,2025-H2,2025-12-31,3,0,1.5,94.0,78.7,0,92.3,28.7,76.8,4.8,41.6,52.0,Needs Improvement,False,5,EMP-0155
EVAL-EMP-0164-2024-H1,EMP-0164,2024-H1,2024-06-30,5,0,1.5,61.9,67.8,0,56.2,28.9,58.5,4.0,41.8,43.1,Needs Improvement,False,6,
EVAL-EMP-0164-2024-H2,EMP-0164,2024-H2,2024-12-31,5,0,1.5,61.9,67.8,0,56.2,28.9,60.7,4.5,41.8,43.9,Needs Improvement,False,6,
EVAL-EMP-0164-2025-H1,EMP-0164,2025-H1,2025-06-30,6,0,1.5,61.9,67.8,0,56.2,32.2,59.8,4.8,46.8,45.4,Needs Improvement,False,6,
EVAL-EMP-0164-2025-H2,EMP-0164,2025-H2,2025-12-31,5,0,1.5,61.9,67.8,0,56.2,28.9,60.2,4.2,41.8,43.7,Needs Improvement,False,6,
EVAL-EMP-0165-2024-H2,EMP-0165,2024-H2,2024-12-31,8,0,2.5,65.4,73.6,0,54.3,36.5,63.7,4.3,52.3,49.2,Needs Improvement,False,8,EMP-0116
EVAL-EMP-0165-2025-H1,EMP-0165,2025-H1,2025-06-30,10,0,2.5,65.4,73.6,0,54.3,41.5,63.1,4.5,59.8,51.7,Needs Improvement,False,8,EMP-0116
EVAL-EMP-0165-2025-H2,EMP-0165,2025-H2,2025-12-31,10,0,2.5,65.4,73.6,0,54.3,41.5,61.8,4.8,59.8,51.2,Needs Improvement,False,8,EMP-0116
EVAL-EMP-0166-2024-H2,EMP-0166,2024-H2,2024-12-31,7,0,1.5,84.3,84.5,0,84.3,34.4,77.0,4.6,50.1,54.7,Needs Improvement,False,5,EMP-0076
EVAL-EMP-0166-2025-H1,EMP-0166,2025-H1,2025-06-30,6,0,1.5,84.3,84.5,0,84.3,31.6,78.1,4.4,45.9,53.5,Needs Improvement,False,5,EMP-0076
EVAL-EMP-0166-2025-H2,EMP-0166,2025-H2,2025-12-31,7,0,1.5,84.3,84.5,0,84.3,34.4,77.7,4.9,50.1,54.9,Needs Improvement,False,5,EMP-0076
EVAL-EMP-0167-2025-H1,EMP-0167,2025-H1,2025-06-30,1,0,1.5,83.3,68.6,1,78.1,20.0,77.3,3.3,28.6,46.4,Needs Improvement,False,4,EMP-0194
EVAL-EMP-0167-2025-H2,EMP-0167,2025-H2,2025-12-31,1,0,1.5,83.3,68.6,1,78.1,20.0,76.6,2.9,28.6,46.1,Needs Improvement,False,4,EMP-0194
EVAL-EMP-0168-2024-H2,EMP-0168,2024-H2,2024-12-31,3,0,2.5,55.0,63.3,1,45.0,28.8,64.4,2.1,40.8,44.1,Needs Improvement,False,8,EMP-0064
EVAL-EMP-0168-2025-H1,EMP-0168,2025-H1,2025-06-30,2,0,2.5,55.0,63.3,1,45.0,24.4,64.4,2.2,34.1,41.7,Needs Improvement,False,8,EMP-0064
EVAL-EMP-0169-2024-H1,EMP-0169,2024-H1,2024-06-30,3,0,1.5,66.9,53.9,0,68.4,26.0,57.6,3.4,37.5,42.0,Needs Improvement,False,4,EMP-0064
EVAL-EMP-0169-2024-H2,EMP-0169,2024-H2,2024-12-31,3,0,1.5,66.9,53.9,0,68.4,26.0,55.8,4.0,37.5,41.3,Needs Improvement,False,4,EMP-0064
EVAL-EMP-0170-2024-H1,EMP-0170,2024-H1,2024-06-30,2,0,1.5,70.4,63.8,1,63.0,23.0,72.0,2.8,33.1,45.1,Needs Improvement,False,5,
EVAL-EMP-0170-2024-H2,EMP-0170,2024-H2,2024-12-31,2,0,1.5,70.4,63.8,1,63.0,23.0,71.6,2.8,33.1,44.9,Needs Improvement,False,5,
EVAL-EMP-0170-2025-H1,EMP-0170,2025-H1,2025-06-30,2,0,1.5,70.4,63.8,1,63.0,23.0,71.5,3.6,33.1,44.9,Needs Improvement,False,5,
EVAL-EMP-0171-2023-H1,EMP-0171,2023-H1,2023-06-30,12,2,3.5,77.3,70.9,1,72.3,63.4,77.8,3.2,69.1,70.0,Meets Expectations,False,15,EMP-0133
EVAL-EMP-0171-2023-H2,EMP-0171,2023-H2,2023-12-31,10,2,3.5,77.3,70.9,1,72.3,59.0,76.2,2.6,62.4,67.0,Meets Expectations,False,15,EMP-0133
EVAL-EMP-0171-2024-H1,EMP-0171,2024-H1,2024-06-30,12,1,3.5,77.3,70.9,1,72.3,55.9,77.0,3.1,69.1,65.6,Meets Expectations,False,15,EMP-0133
EVAL-EMP-0171-2024-H2,EMP-0171,2024-H2,2024-12-31,12,2,3.5,77.3,70.9,1,72.3,63.4,76.2,3.2,69.1,69.4,Meets Expectations,False,15,EMP-0133
EVAL-EMP-0171-2025-H1,EMP-0171,2025-H1,2025-06-30,9,2,3.5,77.3,70.9,1,72.3,56.7,76.0,3.4,59.1,65.7,Meets Expectations,False,15,EMP-0133
EVAL-EMP-0171-2025-H2,EMP-0171,2025-H2,2025-12-31,10,1,3.5,77.3,70.9,1,72.3,51.5,76.2,4.1,62.4,62.9,Meets Expectations,False,15,EMP-0133
EVAL-EMP-0172-2023-H1,EMP-0172,2023-H1,2023-06-30,7,0,1.5,79.3,72.8,0,77.9,35.5,66.6,4.4,51.7,51.0,Needs Improvement,False,5,EMP-0131
EVAL-EMP-0172-2023-H2,EMP-0172,2023-H2,2023-12-31,7,0,1.5,79.3,72.8,0,77.9,35.5,66.0,4.4,51.7,50.8,Needs Improvement,False,5,EMP-0131
EVAL-EMP-0172-2024-H1,EMP-0172,2024-H1,2024-06-30,7,0,1.5,79.3,72.8,0,77.9,35.5,66.8,4.3,51.7,51.1,Needs Improvement,False,5,EMP-0131
EVAL-EMP-0172-2024-H2,EMP-0172,2024-H2,2024-12-31,6,0,1.5,79.3,72.8,0,77.9,32.4,67.3,4.3,47.1,49.6,Needs Improvement,False,5,EMP-0131
EVAL-EMP-0172-2025-H1,EMP-0172,2025-H1,2025-06-30,6,0,1.5,79.3,72.8,0,77.9,32.4,66.2,3.8,47.1,49.2,Needs Improvement,False,5,EMP-0131
EVAL-EMP-0172-2025-H2,EMP-0172,2025-H2,2025-12-31,7,0,1.5,79.3,72.8,0,77.9,35.5,67.3,4.2,51.7,51.3,Needs Improvement,False,5,EMP-0131
EVAL-EMP-0173-2024-H1,EMP-0173,2024-H1,2024-06-30,7,0,2.5,74.4,73.8,0,75.0,39.0,64.1,3.6,56.0,51.9,Needs Improvement,False,7,EMP-0155
EVAL-EMP-0173-2024-H2,EMP-0173,2024-H2,2024-12-31,6,0,2.5,74.4,73.8,0,75.0,35.9,66.0,3.2,51.3,50.8,Needs Improvement,False,7,EMP-0155
EVAL-EMP-0173-2025-H1,EMP-0173,2025-H1,2025-06-30,6,0,2.5,74.4,73.8,0,75.0,35.9,64.6,4.1,51.3,50.3,Needs Improvement,False,7,EMP-0155
EVAL-EMP-0173-2025-H2,EMP-0173,2025-H2,2025-12-31,6,0,2.5,74.4,73.8,0,75.0,35.9,64.4,4.3,51.3,50.3,Needs Improvement,False,7,EMP-0155
EVAL-EMP-0174-2023-H2,EMP-0174,2023-H2,2023-12-31,9,0,1.5,88.0,82.6,0,86.3,36.0,75.3,4.9,52.5,55.1,Needs Improvement,False,5,EMP-0143
EVAL-EMP-0174-2024-H1,EMP-0174,2024-H1,2024-06-30,11,0,1.5,88.0,82.6,0,86.3,40.7,75.3,4.3,59.5,57.6,Needs Improvement,False,5,EMP-0143
EVAL-EMP-0174-2024-H2,EMP-0174,2024-H2,2024-12-31,9,0,1.5,88.0,82.6,0,86.3,36.0,75.9,4.9,52.5,55.3,Needs Improvement,False,5,EMP-0143
EVAL-EMP-0174-2025-H1,EMP-0174,2025-H1,2025-06-30,10,0,1.5,88.0,82.6,0,86.3,38.3,75.6,4.5,56.0,56.4,Needs Improvement,False,5,EMP-0143
EVAL-EMP-0174-2025-H2,EMP-0174,2025-H2,2025-12-31,11,0,1.5,88.0,82.6,0,86.3,40.7,75.0,4.4,59.5,57.5,Needs Improvement,False,5,EMP-0143
EVAL-EMP-0175-2024-H1,EMP-0175,2024-H1,2024-06-30,9,0,2.5,73.9,69.6,0,64.8,39.9,62.7,4.4,57.3,51.2,Needs Improvement,False,7,EMP-0182
EVAL-EMP-0175-2024-H2,EMP-0175,2024-H2,2024-12-31,7,0,2.5,73.9,69.6,0,64.8,34.9,62.7,4.5,49.8,48.5,Needs Improvement,False,7,EMP-0182
EVAL-EMP-0175-2025-H1,EMP-0175,2025-H1,2025-06-30,7,0,2.5,73.9,69.6,0,64.8,34.9,60.7,4.5,49.8,47.8,Needs Improvement,False,7,EMP-0182
EVAL-EMP-0175-2025-H2,EMP-0175,2025-H2,2025-12-31,9,0,2.5,73.9,69.6,0,64.8,39.9,60.1,5.0,57.3,50.3,Needs Improvement,False,7,EMP-0182
EVAL-EMP-0176-2024-H2,EMP-0176,2024-H2,2024-12-31,6,0,1.5,80.3,78.0,0,81.0,32.5,70.8,4.3,47.2,51.0,Needs Improvement,False,5,EMP-0154
EVAL-EMP-0176-2025-H1,EMP-0176,2025-H1,2025-06-30,7,0,1.5,80.3,78.0,0,81.0,35.6,71.8,4.3,51.9,53.1,Needs Improvement,False,5,EMP-0154
EVAL-EMP-0176-2025-H2,EMP-0176,2025-H2,2025-12-31,7,0,1.5,80.3,78.0,0,81.0,35.6,70.4,4.8,51.9,52.6,Needs Improvement,False,5,EMP-0154
EVAL-EMP-0177-2024-H2,EMP-0177,2024-H2,2024-12-31,4,0,1.5,82.4,78.2,1,76.6,30.2,83.3,3.7,43.9,54.0,Needs Improvement,False,10,EMP-0029
EVAL-EMP-0177-2025-H1,EMP-0177,2025-H1,2025-06-30,4,0,1.5,82.4,78.2,1,76.6,30.2,83.1,3.1,43.9,54.0,Needs Improvement,False,10,EMP-0029
EVAL-EMP-0177-2025-H2,EMP-0177,2025-H2,2025-12-31,4,0,1.5,82.4,78.2,1,76.6,30.2,84.3,3.6,43.9,54.4,Needs Improvement,False,10,EMP-0029
EVAL-EMP-0178-2025-H1,EMP-0178,2025-H1,2025-06-30,8,0,2.5,68.3,54.9,0,60.2,39.7,52.4,3.4,57.0,47.1,Needs Improvement,False,8,EMP-0134
EVAL-EMP-0178-2025-H2,EMP-0178,2025-H2,2025-12-31,7,0,2.5,68.3,54.9,0,60.2,36.8,52.7,4.6,52.7,45.6,Needs Improvement,False,8,EMP-0134
EVAL-EMP-0179-2023-H2,EMP-0179,2023-H2,2023-12-31,4,0,1.5,86.4,79.5,1,80.9,30.6,85.9,4.2,44.5,55.5,Needs Improvement,False,4,EMP-0028
EVAL-EMP-0179-2024-H1,EMP-0179,2024-H1,2024-06-30,3,0,1.5,86.4,79.5,1,80.9,26.6,84.3,2.7,38.5,52.7,Needs Improvement,False,4,EMP-0028
EVAL-EMP-0179-2024-H2,EMP-0179,2024-H2,2024-12-31,3,0,1.5,86.4,79.5,1,80.9,26.6,83.0,3.8,38.5,52.3,Needs Improvement,False,4,EMP-0028
EVAL-EMP-0179-2025-H1,EMP-0179,2025-H1,2025-06-30,4,0,1.5,86.4,79.5,1,80.9,30.6,85.7,3.1,44.5,55.4,Needs Improvement,False,4,EMP-0028
EVAL-EMP-0179-2025-H2,EMP-0179,2025-H2,2025-12-31,4,0,1.5,86.4,79.5,1,80.9,30.6,84.1,3.3,44.5,54.9,Needs Improvement,False,4,EMP-0028
EVAL-EMP-0180-2024-H2,EMP-0180,2024-H2,2024-12-31,5,0,1.5,65.3,62.9,0,57.4,30.7,58.0,4.2,44.6,44.1,Needs Improvement,False,6,EMP-0028
EVAL-EMP-0180-2025-H1,EMP-0180,2025-H1,2025-06-30,5,0,1.5,65.3,62.9,0,57.4,30.7,57.0,4.4,44.6,43.8,Needs Improvement,False,6,EMP-0028
EVAL-EMP-0180-2025-H2,EMP-0180,2025-H2,2025-12-31,5,0,1.5,65.3,62.9,0,57.4,30.7,56.8,5.0,44.6,43.7,Needs Improvement,False,6,EMP-0028
EVAL-EMP-0181-2025-H1,EMP-0181,2025-H1,2025-06-30,3,0,2.5,50.0,64.0,0,33.3,27.0,50.7,3.8,38.0,37.5,Needs Improvement,False,8,EMP-0130
EVAL-EMP-0181-2025-H2,EMP-0181,2025-H2,2025-12-31,4,0,2.5,50.0,64.0,0,33.3,31.0,49.9,3.4,44.0,39.4,Needs Improvement,False,8,EMP-0130
EVAL-EMP-0182-2024-H2,EMP-0182,2024-H2,2024-12-31,8,1,3.5,76.8,66.0,0,74.9,54.5,62.6,4.6,63.3,59.9,Meets Expectations,False,15,EMP-0073
EVAL-EMP-0182-2025-H1,EMP-0182,2025-H1,2025-06-30,8,1,3.5,76.8,66.0,0,74.9,54.5,62.0,4.6,63.3,59.6,Meets Expectations,False,15,EMP-0073
EVAL-EMP-0182-2025-H2,EMP-0182,2025-H2,2025-12-31,8,1,3.5,76.8,66.0,0,74.9,54.5,62.8,5.0,63.3,59.9,Meets Expectations,False,15,EMP-0073
EVAL-EMP-0183-2024-H2,EMP-0183,2024-H2,2024-12-31,7,0,2.5,68.3,71.8,0,62.1,36.8,61.8,4.1,52.7,49.0,Needs Improvement,False,8,EMP-0154
EVAL-EMP-0183-2025-H1,EMP-0183,2025-H1,2025-06-30,6,0,2.5,68.3,71.8,0,62.1,34.0,61.0,3.7,48.5,47.1,Needs Improvement,False,8,EMP-0154
EVAL-EMP-0183-2025-H2,EMP-0183,2025-H2,2025-12-31,7,0,2.5,68.3,71.8,0,62.1,36.8,62.4,5.0,52.7,49.2,Needs Improvement,False,8,EMP-0154
EVAL-EMP-0184-2025-H1,EMP-0184,2025-H1,2025-06-30,6,0,2.5,70.3,65.5,0,64.5,35.5,59.1,4.5,50.7,47.4,Needs Improvement,False,8,EMP-0073
EVAL-EMP-0184-2025-H2,EMP-0184,2025-H2,2025-12-31,6,0,2.5,70.3,65.5,0,64.5,35.5,58.7,3.9,50.7,47.2,Needs Improvement,False,8,EMP-0073
EVAL-EMP-0185-2025-H1,EMP-0185,2025-H1,2025-06-30,5,0,1.5,78.9,80.4,1,75.8,32.1,82.3,2.6,46.6,54.5,Needs Improvement,False,5,EMP-0150
EVAL-EMP-0185-2025-H2,EMP-0185,2025-H2,2025-12-31,5,0,1.5,78.9,80.4,1,75.8,32.1,83.3,3.4,46.6,54.8,Needs Improvement,False,5,EMP-0150
EVAL-EMP-0186-2024-H2,EMP-0186,2024-H2,2024-12-31,2,0,1.5,54.3,68.5,0,41.7,21.4,54.0,4.1,30.6,36.4,Needs Improvement,False,4,EMP-0171
EVAL-EMP-0186-2025-H1,EMP-0186,2025-H1,2025-06-30,2,0,1.5,54.3,68.5,0,41.7,21.4,54.1,3.9,30.6,36.4,Needs Improvement,False,4,EMP-0171
EVAL-EMP-0186-2025-H2,EMP-0186,2025-H2,2025-12-31,2,0,1.5,54.3,68.5,0,41.7,21.4,53.6,5.0,30.6,36.2,Needs Improvement,False,4,EMP-0171
EVAL-EMP-0187-2024-H2,EMP-0187,2024-H2,2024-12-31,6,0,2.5,79.4,70.5,1,79.6,35.1,78.3,2.4,50.1,55.0,Needs Improvement,False,8,EMP-0158
EVAL-EMP-0187-2025-H1,EMP-0187,2025-H1,2025-06-30,7,0,2.5,79.4,70.5,1,79.6,37.9,76.7,3.2,54.4,56.0,Needs Improvement,False,8,EMP-0158
EVAL-EMP-0187-2025-H2,EMP-0187,2025-H2,2025-12-31,7,0,2.5,79.4,70.5,1,79.6,37.9,77.9,3.1,54.4,56.4,Needs Improvement,False,8,EMP-0158
EVAL-EMP-0188-2025-H1,EMP-0188,2025-H1,2025-06-30,2,0,1.5,87.1,69.8,1,86.0,23.6,80.5,2.7,33.9,50.0,Needs Improvement,False,5,EMP-0137
EVAL-EMP-0188-2025-H2,EMP-0188,2025-H2,2025-12-31,3,0,1.5,87.1,69.8,1,86.0,28.0,81.4,3.4,40.6,52.7,Needs Improvement,False,5,EMP-0137
EVAL-EMP-0189-2025-H1,EMP-0189,2025-H1,2025-06-30,2,0,1.5,68.8,64.8,1,57.1,22.9,70.0,3.1,32.8,43.8,Needs Improvement,False,10,EMP-0052
EVAL-EMP-0189-2025-H2,EMP-0189,2025-H2,2025-12-31,2,0,1.5,68.8,64.8,1,57.1,22.9,71.1,3.4,32.8,44.2,Needs Improvement,False,10,EMP-0052
EVAL-EMP-0190-2025-H1,EMP-0190,2025-H1,2025-06-30,4,0,1.5,78.8,74.9,0,73.9,28.4,66.5,4.6,41.1,46.8,Needs Improvement,False,5,EMP-0137
EVAL-EMP-0190-2025-H2,EMP-0190,2025-H2,2025-12-31,4,0,1.5,78.8,74.9,0,73.9,28.4,66.8,3.9,41.1,46.9,Needs Improvement,False,5,EMP-0137
EVAL-EMP-0191-2024-H1,EMP-0191,2024-H1,2024-06-30,4,0,2.5,73.3,63.2,0,64.4,31.9,58.3,4.9,45.3,45.3,Needs Improvement,False,8,EMP-0171
EVAL-EMP-0191-2024-H2,EMP-0191,2024-H2,2024-12-31,4,0,2.5,73.3,63.2,0,64.4,31.9,57.7,4.2,45.3,45.1,Needs Improvement,False,8,EMP-0171
EVAL-EMP-0191-2025-H1,EMP-0191,2025-H1,2025-06-30,4,0,2.5,73.3,63.2,0,64.4,31.9,58.1,4.7,45.3,45.2,Needs Improvement,False,8,EMP-0171
EVAL-EMP-0191-2025-H2,EMP-0191,2025-H2,2025-12-31,5,0,2.5,73.3,63.2,0,64.4,35.5,58.1,4.2,50.8,47.2,Needs Improvement,False,8,EMP-0171
EVAL-EMP-0192-2025-H1,EMP-0192,2025-H1,2025-06-30,2,0,2.5,66.1,64.7,1,56.6,26.6,67.5,2.9,37.4,45.1,Needs Improvement,False,8,EMP-0143
EVAL-EMP-0192-2025-H2,EMP-0192,2025-H2,2025-12-31,2,0,2.5,66.1,64.7,1,56.6,26.6,67.5,2.5,37.4,45.1,Needs Improvement,False,8,EMP-0143
EVAL-EMP-0193-2025-H1,EMP-0193,2025-H1,2025-06-30,9,0,3.5,81.1,64.4,0,79.3,44.6,60.5,4.2,63.4,54.0,Needs Improvement,False,12,EMP-0029
EVAL-EMP-0193-2025-H2,EMP-0193,2025-H2,2025-12-31,10,0,3.5,81.1,64.4,0,79.3,47.1,60.3,4.8,67.2,55.3,Needs Improvement,False,12,EMP-0029
EVAL-EMP-0194-2024-H2,EMP-0194,2024-H2,2024-12-31,6,0,3.5,68.6,67.2,0,62.7,38.0,56.2,4.3,53.5,47.5,Needs Improvement,False,12,EMP-0134
EVAL-EMP-0194-2025-H1,EMP-0194,2025-H1,2025-06-30,6,0,3.5,68.6,67.2,0,62.7,38.0,56.9,4.7,53.5,47.7,Needs Improvement,False,12,EMP-0134
EVAL-EMP-0194-2025-H2,EMP-0194,2025-H2,2025-12-31,7,0,3.5,68.6,67.2,0,62.7,40.9,57.3,4.0,57.8,49.5,Needs Improvement,False,12,EMP-0134
EVAL-EMP-0195-2025-H1,EMP-0195,2025-H1,2025-06-30,7,0,2.5,80.1,66.7,1,73.4,39.5,72.9,2.7,56.8,55.1,Needs Improvement,False,7,EMP-0057
EVAL-EMP-0195-2025-H2,EMP-0195,2025-H2,2025-12-31,6,0,2.5,80.1,66.7,1,73.4,36.5,72.9,2.5,52.2,53.4,Needs Improvement,False,7,EMP-0057
EVAL-EMP-0196-2024-H2,EMP-0196,2024-H2,2024-12-31,5,0,2.5,82.9,69.2,0,75.7,36.5,63.7,4.4,52.2,50.4,Needs Improvement,False,8,EMP-0143
EVAL-EMP-0196-2025-H1,EMP-0196,2025-H1,2025-06-30,5,0,2.5,82.9,69.2,0,75.7,36.5,63.0,4.2,52.2,50.2,Needs Improvement,False,8,EMP-0143
EVAL-EMP-0196-2025-H2,EMP-0196,2025-H2,2025-12-31,4,0,2.5,82.9,69.2,0,75.7,32.8,62.5,4.8,46.8,48.0,Needs Improvement,False,8,EMP-0143
EVAL-EMP-0197-2023-H1,EMP-0197,2023-H1,2023-06-30,4,0,1.5,78.2,87.5,0,74.2,28.4,75.5,4.6,41.0,50.1,Needs Improvement,False,5,EMP-0004
EVAL-EMP-0197-2023-H2,EMP-0197,2023-H2,2023-12-31,4,0,1.5,78.2,87.5,0,74.2,28.4,76.7,4.7,41.0,50.6,Needs Improvement,False,5,EMP-0004
EVAL-EMP-0197-2024-H1,EMP-0197,2024-H1,2024-06-30,5,0,1.5,78.2,87.5,0,74.2,32.0,76.7,4.5,46.5,52.5,Needs Improvement,False,5,EMP-0004
EVAL-EMP-0197-2024-H2,EMP-0197,2024-H2,2024-12-31,5,0,1.5,78.2,87.5,0,74.2,32.0,76.6,4.2,46.5,52.5,Needs Improvement,False,5,EMP-0004
EVAL-EMP-0197-2025-H1,EMP-0197,2025-H1,2025-06-30,5,0,1.5,78.2,87.5,0,74.2,32.0,76.7,4.7,46.5,52.5,Needs Improvement,False,5,EMP-0004
EVAL-EMP-0197-2025-H2,EMP-0197,2025-H2,2025-12-31,5,0,1.5,78.2,87.5,0,74.2,32.0,76.7,4.6,46.5,52.5,Needs Improvement,False,5,EMP-0004
EVAL-EMP-0198-2024-H1,EMP-0198,2024-H1,2024-06-30,3,0,1.5,68.0,79.9,0,52.4,26.1,66.4,4.8,37.7,44.2,Needs Improvement,False,5,EMP-0194
EVAL-EMP-0198-2024-H2,EMP-0198,2024-H2,2024-12-31,2,0,1.5,68.0,79.9,0,52.4,21.7,65.4,4.8,31.0,41.4,Needs Improvement,False,5,EMP-0194
EVAL-EMP-0198-2025-H1,EMP-0198,2025-H1,2025-06-30,2,0,1.5,68.0,79.9,0,52.4,21.7,65.4,4.6,31.0,41.4,Needs Improvement,False,5,EMP-0194
EVAL-EMP-0198-2025-H2,EMP-0198,2025-H2,2025-12-31,3,0,1.5,68.0,79.9,0,52.4,26.1,66.5,5.0,37.7,44.2,Needs Improvement,False,5,EMP-0194
EVAL-EMP-0199-2024-H1,EMP-0199,2024-H1,2024-06-30,6,0,1.5,85.6,81.7,0,84.6,33.0,77.2,4.8,48.0,54.0,Needs Improvement,False,5,EMP-0032
EVAL-EMP-0199-2024-H2,EMP-0199,2024-H2,2024-12-31,7,0,1.5,85.6,81.7,0,84.6,36.1,77.2,5.0,52.6,55.7,Needs Improvement,False,5,EMP-0032
EVAL-EMP-0199-2025-H1,EMP-0199,2025-H1,2025-06-30,7,0,1.5,85.6,81.7,0,84.6,36.1,77.2,4.4,52.6,55.7,Needs Improvement,False,5,EMP-0032
EVAL-EMP-0199-2025-H2,EMP-0199,2025-H2,2025-12-31,6,0,1.5,85.6,81.7,0,84.6,33.0,77.2,4.4,48.0,54.0,Needs Improvement,False,5,EMP-0032
EVAL-EMP-0200-2024-H2,EMP-0200,2024-H2,2024-12-31,1,0,1.5,84.9,63.9,1,77.3,20.2,74.8,2.2,28.8,45.6,Needs Improvement,False,10,EMP-0139
EVAL-EMP-0200-2025-H1,EMP-0200,2025-H1,2025-06-30,1,0,1.5,84.9,63.9,1,77.3,20.2,74.9,3.7,28.8,45.6,Needs Improvement,False,10,EMP-0139
EVAL-EMP-0200-2025-H2,EMP-0200,2025-H2,2025-12-31,1,0,1.5,84.9,63.9,1,77.3,20.2,75.8,3.2,28.8,45.9,Needs Improvement,False,10,EMP-0139
