employee_id,job_role_id,skill_id,required_proficiency,current_proficiency,gap,gap_severity,importance_weight,priority_score,recommended_resource_id
EMP0001,3,SK001,2,1,1,Low,0.2,0.2,LR-001
EMP0001,3,SK017,2,2,0,,0.2,0.0,
EMP0001,3,SK-135,1,1,0,,0.1,0.0,
EMP0001,3,SK021,2,1,1,Low,0.2,0.2,LR-003
EMP0001,3,SK-132,2,1,1,Low,0.15,0.45,
EMP0001,3,SK-140,1,2,0,,0.1,0.0,
EMP0001,3,SK069,1,1,0,,0.05,0.0,LR-022
EMP0002,22,SK-158,3,1,2,Medium,0.35,1.4,
EMP0002,22,SK041,3,1,2,Medium,0.3,0.6,LR-031
EMP0002,22,SK043,2,1,1,Low,0.2,0.4,LR-032
EMP0002,22,SK-186,1,2,0,,0.15,0.0,
EMP0003,17,SK-179,3,1,2,Medium,0.4,1.6,
EMP0003,17,SK-180,2,1,1,Low,0.25,0.75,LR-037
EMP0003,17,SK046,2,2,0,,0.15,0.0,
EMP0003,17,SK041,2,1,1,Low,0.1,0.1,LR-031
EMP0003,17,SK047,2,3,0,,0.1,0.0,
EMP0004,2,SK011,3,2,1,Low,0.1,0.1,
EMP0004,2,SK002,4,1,3,High,0.2,1.2,
EMP0004,2,SK003,3,1,2,Medium,0.15,0.9,
EMP0004,2,SK012,4,2,2,Medium,0.2,1.2,LR-010
EMP0004,2,SK015,3,1,2,Medium,0.15,1.2,LR-011
EMP0004,2,SK-140,3,1,2,Medium,0.05,0.1,
EMP0004,2,SK-128,2,1,1,Low,0.05,0.15,
EMP0004,2,SK042,2,1,1,Low,0.05,0.15,LR-024
EMP0004,2,SK049,1,1,0,,0.05,0.0,
EMP0005,22,SK-158,3,1,2,Medium,0.35,1.4,
EMP0005,22,SK041,3,1,2,Medium,0.3,0.6,LR-031
EMP0005,22,SK043,2,1,1,Low,0.2,0.4,LR-032
EMP0005,22,SK-186,1,2,0,,0.15,0.0,
EMP0006,22,SK-158,3,1,2,Medium,0.35,1.4,
EMP0006,22,SK041,3,1,2,Medium,0.3,0.6,LR-031
EMP0006,22,SK043,2,1,1,Low,0.2,0.4,LR-032
EMP0006,22,SK-186,1,1,0,,0.15,0.0,
EMP0007,22,SK-158,3,1,2,Medium,0.35,1.4,
EMP0007,22,SK041,3,1,2,Medium,0.3,0.6,LR-031
EMP0007,22,SK043,2,1,1,Low,0.2,0.4,LR-032
EMP0007,22,SK-186,1,1,0,,0.15,0.0,
EMP0008,1,SK011,2,1,1,Low,0.2,0.2,
EMP0008,1,SK002,2,1,1,Low,0.25,0.5,
EMP0008,1,SK003,1,1,0,,0.15,0.0,
EMP0008,1,SK012,2,2,0,,0.25,0.0,LR-010
EMP0008,1,SK-140,1,1,0,,0.1,0.0,
EMP0008,1,SK041,1,2,0,,0.05,0.0,LR-031
EMP0009,17,SK-179,3,1,2,Medium,0.4,1.6,
EMP0009,17,SK-180,2,1,1,Low,0.25,0.75,LR-037
EMP0009,17,SK046,2,1,1,Low,0.15,0.3,
EMP0009,17,SK041,2,1,1,Low,0.1,0.1,LR-031
EMP0009,17,SK047,2,1,1,Low,0.1,0.1,
EMP0010,11,SK-183,2,1,1,Low,0.3,0.9,LR-039
EMP0010,11,SK-184,2,1,1,Low,0.25,0.75,
EMP0010,11,SK041,3,2,1,Low,0.2,0.2,LR-031
EMP0010,11,SK045,2,1,1,Low,0.15,0.15,
EMP0010,11,SK047,2,2,0,,0.1,0.0,
EMP0011,16,SK-179,2,1,1,Low,0.15,0.3,
EMP0011,16,SK-180,3,1,2,Medium,0.3,1.8,LR-037
EMP0011,16,SK021,2,1,1,Low,0.12,0.12,LR-003
EMP0011,16,SK022,2,1,1,Low,0.15,0.45,
EMP0011,16,SK046,3,1,2,Medium,0.15,0.6,
EMP0011,16,SK-156,2,2,0,,0.08,0.0,
EMP0011,16,SK-182,2,1,1,Low,0.05,0.25,LR-038
EMP0012,22,SK-158,3,1,2,Medium,0.35,1.4,
EMP0012,22,SK041,3,1,2,Medium,0.3,0.6,LR-031
EMP0012,22,SK043,2,1,1,Low,0.2,0.4,LR-032
EMP0012,22,SK-186,1,1,0,,0.15,0.0,
EMP0013,15,SK-128,3,2,1,Low,0.3,0.9,
EMP0013,15,SK-129,3,1,2,Medium,0.2,0.8,
EMP0013,15,SK011,2,2,0,,0.15,0.0,
EMP0013,15,SK041,3,2,1,Low,0.2,0.2,LR-031
EMP0013,15,SK043,3,1,2,Medium,0.15,0.6,LR-032
EMP0014,20,SK-185,2,2,0,,0.35,0.0,LR-040
EMP0014,20,SK-186,2,2,0,,0.2,0.0,
EMP0014,20,SK041,3,1,2,Medium,0.25,0.5,LR-031
EMP0014,20,SK048,2,1,1,Low,0.2,0.6,LR-033
EMP0015,20,SK-185,2,1,1,Low,0.35,0.7,LR-040
EMP0015,20,SK-186,2,2,0,,0.2,0.0,
EMP0015,20,SK041,3,1,2,Medium,0.25,0.5,LR-031
EMP0015,20,SK048,2,1,1,Low,0.2,0.6,LR-033
EMP0016,20,SK-185,2,2,0,,0.35,0.0,LR-040
EMP0016,20,SK-186,2,1,1,Low,0.2,0.4,
EMP0016,20,SK041,3,2,1,Low,0.25,0.25,LR-031
EMP0016,20,SK048,2,1,1,Low,0.2,0.6,LR-033
EMP0017,8,SK021,3,1,2,Medium,0.2,0.4,LR-003
EMP0017,8,SK001,2,1,1,Low,0.15,0.15,LR-001
EMP0017,8,SK027,2,2,0,,0.15,0.0,LR-002
EMP0017,8,SK022,3,1,2,Medium,0.2,1.2,
EMP0017,8,SK023,2,1,1,Low,0.15,0.45,
EMP0017,8,SK024,2,1,1,Low,0.1,0.2,LR-009
EMP0017,8,SK041,2,2,0,,0.05,0.0,LR-031
EMP0018,4,SK011,2,1,1,Low,0.1,0.1,
EMP0018,4,SK002,3,1,2,Medium,0.15,0.6,
EMP0018,4,SK003,2,1,1,Low,0.1,0.3,
EMP0018,4,SK012,2,2,0,,0.1,0.0,LR-010
EMP0018,4,SK016,2,1,1,Low,0.1,0.3,
EMP0018,4,SK-131,2,1,1,Low,0.1,0.3,LR-012
EMP0018,4,SK021,2,1,1,Low,0.15,0.15,LR-003
EMP0018,4,SK-132,2,1,1,Low,0.1,0.3,
EMP0018,4,SK-140,2,2,0,,0.05,0.0,
EMP0018,4,SK034,1,1,0,,0.05,0.0,LR-016
EMP0019,7,SK069,2,1,1,Low,0.3,0.6,LR-022
EMP0019,7,SK070,2,1,1,Low,0.25,0.75,
EMP0019,7,SK001,1,1,0,,0.15,0.0,LR-001
EMP0019,7,SK-140,1,2,0,,0.1,0.0,
EMP0019,7,SK043,2,1,1,Low,0.1,0.2,LR-032
EMP0019,7,SK041,1,1,0,,0.1,0.0,LR-031
EMP0020,20,SK-185,2,1,1,Low,0.35,0.7,LR-040
EMP0020,20,SK-186,2,2,0,,0.2,0.0,
EMP0020,20,SK041,3,2,1,Low,0.25,0.25,LR-031
EMP0020,20,SK048,2,1,1,Low,0.2,0.6,LR-033
EMP0021,3,SK001,2,2,0,,0.2,0.0,LR-001
EMP0021,3,SK017,2,3,0,,0.2,0.0,
EMP0021,3,SK-135,1,2,0,,0.1,0.0,
EMP0021,3,SK021,2,3,0,,0.2,0.0,LR-003
EMP0021,3,SK-132,2,2,0,,0.15,0.0,
EMP0021,3,SK-140,1,2,0,,0.1,0.0,
EMP0021,3,SK069,1,2,0,,0.05,0.0,LR-022
EMP0022,10,SK021,2,1,1,Low,0.15,0.15,LR-003
EMP0022,10,SK022,3,1,2,Medium,0.2,1.2,
EMP0022,10,SK023,2,2,0,,0.1,0.0,
EMP0022,10,SK041,4,1,3,High,0.2,0.6,LR-031
EMP0022,10,SK046,3,2,1,Low,0.15,0.3,
EMP0022,10,SK-156,3,1,2,Medium,0.1,0.4,
EMP0022,10,SK-167,2,1,1,Low,0.1,0.4,
EMP0023,4,SK011,2,3,0,,0.1,0.0,
EMP0023,4,SK002,3,2,1,Low,0.15,0.3,
EMP0023,4,SK003,2,2,0,,0.1,0.0,
EMP0023,4,SK012,2,1,1,Low,0.1,0.3,LR-010
EMP0023,4,SK016,2,2,0,,0.1,0.0,
EMP0023,4,SK-131,2,1,1,Low,0.1,0.3,LR-012
EMP0023,4,SK021,2,1,1,Low,0.15,0.15,LR-003
EMP0023,4,SK-132,2,2,0,,0.1,0.0,
EMP0023,4,SK-140,2,3,0,,0.05,0.0,
EMP0023,4,SK034,1,1,0,,0.05,0.0,LR-016
EMP0024,11,SK-183,2,1,1,Low,0.3,0.9,LR-039
EMP0024,11,SK-184,2,1,1,Low,0.25,0.75,
EMP0024,11,SK041,3,1,2,Medium,0.2,0.4,LR-031
EMP0024,11,SK045,2,1,1,Low,0.15,0.15,
EMP0024,11,SK047,2,1,1,Low,0.1,0.1,
EMP0025,20,SK-185,2,1,1,Low,0.35,0.7,LR-040
EMP0025,20,SK-186,2,1,1,Low,0.2,0.4,
EMP0025,20,SK041,3,2,1,Low,0.25,0.25,LR-031
EMP0025,20,SK048,2,1,1,Low,0.2,0.6,LR-033
EMP0026,20,SK-185,2,1,1,Low,0.35,0.7,LR-040
EMP0026,20,SK-186,2,1,1,Low,0.2,0.4,
EMP0026,20,SK041,3,1,2,Medium,0.25,0.5,LR-031
EMP0026,20,SK048,2,1,1,Low,0.2,0.6,LR-033
EMP0027,4,SK011,2,2,0,,0.1,0.0,
EMP0027,4,SK002,3,2,1,Low,0.15,0.3,
EMP0027,4,SK003,2,1,1,Low,0.1,0.3,
EMP0027,4,SK012,2,2,0,,0.1,0.0,LR-010
EMP0027,4,SK016,2,1,1,Low,0.1,0.3,
EMP0027,4,SK-131,2,1,1,Low,0.1,0.3,LR-012
EMP0027,4,SK021,2,2,0,,0.15,0.0,LR-003
EMP0027,4,SK-132,2,2,0,,0.1,0.0,
EMP0027,4,SK-140,2,3,0,,0.05,0.0,
EMP0027,4,SK034,1,1,0,,0.05,0.0,LR-016
EMP0028,21,SK-185,4,1,3,High,0.25,1.5,LR-040
EMP0028,21,SK-186,3,2,1,Low,0.15,0.3,
EMP0028,21,SK041,4,1,3,High,0.2,0.6,LR-031
EMP0028,21,SK048,4,1,3,High,0.2,1.8,LR-033
EMP0028,21,SK042,3,1,2,Medium,0.1,0.6,LR-024
EMP0028,21,SK-156,3,1,2,Medium,0.1,0.4,
EMP0029,12,SK-183,4,1,3,High,0.2,1.8,LR-039
EMP0029,12,SK-184,3,2,1,Low,0.15,0.45,
EMP0029,12,SK042,4,1,3,High,0.2,1.8,LR-024
EMP0029,12,SK041,4,2,2,Medium,0.15,0.3,LR-031
EMP0029,12,SK-163,3,2,1,Low,0.15,0.45,
EMP0029,12,SK049,3,1,2,Medium,0.1,0.8,
EMP0029,12,SK-173,2,2,0,,0.05,0.0,LR-030
EMP0030,6,SK039,3,1,2,Medium,0.15,0.3,
EMP0030,6,SK040,2,1,1,Low,0.1,0.2,
EMP0030,6,SK-140,3,1,2,Medium,0.1,0.2,
EMP0030,6,SK034,3,1,2,Medium,0.2,1.2,LR-016
EMP0030,6,SK035,2,1,1,Low,0.15,0.6,LR-017
EMP0030,6,SK036,3,1,2,Medium,0.15,1.2,LR-018
EMP0030,6,SK031,2,1,1,Low,0.1,0.3,LR-019
EMP0030,6,SK037,1,1,0,,0.05,0.0,LR-021
EMP0031,16,SK-179,2,2,0,,0.15,0.0,
EMP0031,16,SK-180,3,2,1,Low,0.3,0.9,LR-037
EMP0031,16,SK021,2,2,0,,0.12,0.0,LR-003
EMP0031,16,SK022,2,3,0,,0.15,0.0,
EMP0031,16,SK046,3,1,2,Medium,0.15,0.6,
EMP0031,16,SK-156,2,2,0,,0.08,0.0,
EMP0031,16,SK-182,2,2,0,,0.05,0.0,LR-038
EMP0032,9,SK021,4,2,2,Medium,0.12,0.24,LR-003
EMP0032,9,SK001,3,1,2,Medium,0.1,0.2,LR-001
EMP0032,9,SK027,3,1,2,Medium,0.1,0.4,LR-002
EMP0032,9,SK028,3,2,1,Low,0.08,0.16,
EMP0032,9,SK022,4,1,3,High,0.15,1.35,
EMP0032,9,SK025,3,1,2,Medium,0.12,0.96,LR-005
EMP0032,9,SK-113,2,1,1,Low,0.08,0.32,LR-007
EMP0032,9,SK023,3,1,2,Medium,0.1,0.6,
EMP0032,9,SK024,3,1,2,Medium,0.05,0.2,LR-009
EMP0032,9,SK042,2,1,1,Low,0.05,0.15,LR-024
EMP0032,9,SK-156,3,2,1,Low,0.05,0.1,
EMP0033,7,SK069,2,2,0,,0.3,0.0,LR-022
EMP0033,7,SK070,2,1,1,Low,0.25,0.75,
EMP0033,7,SK001,1,2,0,,0.15,0.0,LR-001
EMP0033,7,SK-140,1,2,0,,0.1,0.0,
EMP0033,7,SK043,2,1,1,Low,0.1,0.2,LR-032
EMP0033,7,SK041,1,2,0,,0.1,0.0,LR-031
EMP0034,16,SK-179,2,1,1,Low,0.15,0.3,
EMP0034,16,SK-180,3,1,2,Medium,0.3,1.8,LR-037
EMP0034,16,SK021,2,1,1,Low,0.12,0.12,LR-003
EMP0034,16,SK022,2,1,1,Low,0.15,0.45,
EMP0034,16,SK046,3,1,2,Medium,0.15,0.6,
EMP0034,16,SK-156,2,1,1,Low,0.08,0.16,
EMP0034,16,SK-182,2,1,1,Low,0.05,0.25,LR-038
EMP0035,4,SK011,2,2,0,,0.1,0.0,
EMP0035,4,SK002,3,1,2,Medium,0.15,0.6,
EMP0035,4,SK003,2,1,1,Low,0.1,0.3,
EMP0035,4,SK012,2,1,1,Low,0.1,0.3,LR-010
EMP0035,4,SK016,2,2,0,,0.1,0.0,
EMP0035,4,SK-131,2,1,1,Low,0.1,0.3,LR-012
EMP0035,4,SK021,2,2,0,,0.15,0.0,LR-003
EMP0035,4,SK-132,2,2,0,,0.1,0.0,
EMP0035,4,SK-140,2,2,0,,0.05,0.0,
EMP0035,4,SK034,1,1,0,,0.05,0.0,LR-016
EMP0036,6,SK039,3,1,2,Medium,0.15,0.3,
EMP0036,6,SK040,2,1,1,Low,0.1,0.2,
EMP0036,6,SK-140,3,1,2,Medium,0.1,0.2,
EMP0036,6,SK034,3,1,2,Medium,0.2,1.2,LR-016
EMP0036,6,SK035,2,1,1,Low,0.15,0.6,LR-017
EMP0036,6,SK036,3,1,2,Medium,0.15,1.2,LR-018
EMP0036,6,SK031,2,1,1,Low,0.1,0.3,LR-019
EMP0036,6,SK037,1,1,0,,0.05,0.0,LR-021
EMP0037,8,SK021,3,2,1,Low,0.2,0.2,LR-003
EMP0037,8,SK001,2,1,1,Low,0.15,0.15,LR-001
EMP0037,8,SK027,2,1,1,Low,0.15,0.3,LR-002
EMP0037,8,SK022,3,2,1,Low,0.2,0.6,
EMP0037,8,SK023,2,2,0,,0.15,0.0,
EMP0037,8,SK024,2,1,1,Low,0.1,0.2,LR-009
EMP0037,8,SK041,2,1,1,Low,0.05,0.05,LR-031
EMP0038,4,SK011,2,1,1,Low,0.1,0.1,
EMP0038,4,SK002,3,3,0,,0.15,0.0,
EMP0038,4,SK003,2,1,1,Low,0.1,0.3,
EMP0038,4,SK012,2,1,1,Low,0.1,0.3,LR-010
EMP0038,4,SK016,2,1,1,Low,0.1,0.3,
EMP0038,4,SK-131,2,2,0,,0.1,0.0,LR-012
EMP0038,4,SK021,2,2,0,,0.15,0.0,LR-003
EMP0038,4,SK-132,2,1,1,Low,0.1,0.3,
EMP0038,4,SK-140,2,1,1,Low,0.05,0.05,
EMP0038,4,SK034,1,1,0,,0.05,0.0,LR-016
EMP0039,8,SK021,3,2,1,Low,0.2,0.2,LR-003
EMP0039,8,SK001,2,2,0,,0.15,0.0,LR-001
EMP0039,8,SK027,2,1,1,Low,0.15,0.3,LR-002
EMP0039,8,SK022,3,1,2,Medium,0.2,1.2,
EMP0039,8,SK023,2,1,1,Low,0.15,0.45,
EMP0039,8,SK024,2,1,1,Low,0.1,0.2,LR-009
EMP0039,8,SK041,2,1,1,Low,0.05,0.05,LR-031
EMP0040,11,SK-183,2,1,1,Low,0.3,0.9,LR-039
EMP0040,11,SK-184,2,1,1,Low,0.25,0.75,
EMP0040,11,SK041,3,1,2,Medium,0.2,0.4,LR-031
EMP0040,11,SK045,2,1,1,Low,0.15,0.15,
EMP0040,11,SK047,2,1,1,Low,0.1,0.1,
EMP0041,17,SK-179,3,1,2,Medium,0.4,1.6,
EMP0041,17,SK-180,2,1,1,Low,0.25,0.75,LR-037
EMP0041,17,SK046,2,1,1,Low,0.15,0.3,
EMP0041,17,SK041,2,2,0,,0.1,0.0,LR-031
EMP0041,17,SK047,2,2,0,,0.1,0.0,
EMP0042,17,SK-179,3,1,2,Medium,0.4,1.6,
EMP0042,17,SK-180,2,1,1,Low,0.25,0.75,LR-037
EMP0042,17,SK046,2,2,0,,0.15,0.0,
EMP0042,17,SK041,2,3,0,,0.1,0.0,LR-031
EMP0042,17,SK047,2,2,0,,0.1,0.0,
EMP0043,19,SK044,3,1,2,Medium,0.15,1.2,LR-026
EMP0043,19,SK-165,3,1,2,Medium,0.12,0.72,LR-025
EMP0043,19,SK052,2,1,1,Low,0.08,0.24,
EMP0043,19,SK041,4,1,3,High,0.15,0.45,LR-031
EMP0043,19,SK042,3,1,2,Medium,0.12,0.72,LR-024
EMP0043,19,SK022,3,1,2,Medium,0.1,0.6,
EMP0043,19,SK-167,3,1,2,Medium,0.1,0.8,
EMP0043,19,SK-163,3,1,2,Medium,0.1,0.6,
EMP0043,19,SK-170,2,1,1,Low,0.08,0.4,LR-027
EMP0044,17,SK-179,3,1,2,Medium,0.4,1.6,
EMP0044,17,SK-180,2,1,1,Low,0.25,0.75,LR-037
EMP0044,17,SK046,2,2,0,,0.15,0.0,
EMP0044,17,SK041,2,3,0,,0.1,0.0,LR-031
EMP0044,17,SK047,2,2,0,,0.1,0.0,
EMP0045,15,SK-128,3,1,2,Medium,0.3,1.8,
EMP0045,15,SK-129,3,2,1,Low,0.2,0.4,
EMP0045,15,SK011,2,2,0,,0.15,0.0,
EMP0045,15,SK041,3,2,1,Low,0.2,0.2,LR-031
EMP0045,15,SK043,3,1,2,Medium,0.15,0.6,LR-032
EMP0046,4,SK011,2,1,1,Low,0.1,0.1,
EMP0046,4,SK002,3,2,1,Low,0.15,0.3,
EMP0046,4,SK003,2,2,0,,0.1,0.0,
EMP0046,4,SK012,2,2,0,,0.1,0.0,LR-010
EMP0046,4,SK016,2,1,1,Low,0.1,0.3,
EMP0046,4,SK-131,2,1,1,Low,0.1,0.3,LR-012
EMP0046,4,SK021,2,1,1,Low,0.15,0.15,LR-003
EMP0046,4,SK-132,2,1,1,Low,0.1,0.3,
EMP0046,4,SK-140,2,1,1,Low,0.05,0.05,
EMP0046,4,SK034,1,2,0,,0.05,0.0,LR-016
EMP0047,8,SK021,3,2,1,Low,0.2,0.2,LR-003
EMP0047,8,SK001,2,2,0,,0.15,0.0,LR-001
EMP0047,8,SK027,2,3,0,,0.15,0.0,LR-002
EMP0047,8,SK022,3,2,1,Low,0.2,0.6,
EMP0047,8,SK023,2,2,0,,0.15,0.0,
EMP0047,8,SK024,2,2,0,,0.1,0.0,LR-009
EMP0047,8,SK041,2,2,0,,0.05,0.0,LR-031
EMP0048,9,SK021,4,2,2,Medium,0.12,0.24,LR-003
EMP0048,9,SK001,3,2,1,Low,0.1,0.1,LR-001
EMP0048,9,SK027,3,1,2,Medium,0.1,0.4,LR-002
EMP0048,9,SK028,3,1,2,Medium,0.08,0.32,
EMP0048,9,SK022,4,1,3,High,0.15,1.35,
EMP0048,9,SK025,3,1,2,Medium,0.12,0.96,LR-005
EMP0048,9,SK-113,2,1,1,Low,0.08,0.32,LR-007
EMP0048,9,SK023,3,1,2,Medium,0.1,0.6,
EMP0048,9,SK024,3,2,1,Low,0.05,0.1,LR-009
EMP0048,9,SK042,2,1,1,Low,0.05,0.15,LR-024
EMP0048,9,SK-156,3,2,1,Low,0.05,0.1,
EMP0049,1,SK011,2,2,0,,0.2,0.0,
EMP0049,1,SK002,2,1,1,Low,0.25,0.5,
EMP0049,1,SK003,1,1,0,,0.15,0.0,
EMP0049,1,SK012,2,1,1,Low,0.25,0.75,LR-010
EMP0049,1,SK-140,1,2,0,,0.1,0.0,
EMP0049,1,SK041,1,1,0,,0.05,0.0,LR-031
EMP0050,10,SK021,2,1,1,Low,0.15,0.15,LR-003
EMP0050,10,SK022,3,1,2,Medium,0.2,1.2,
EMP0050,10,SK023,2,1,1,Low,0.1,0.3,
EMP0050,10,SK041,4,2,2,Medium,0.2,0.4,LR-031
EMP0050,10,SK046,3,1,2,Medium,0.15,0.6,
EMP0050,10,SK-156,3,1,2,Medium,0.1,0.4,
EMP0050,10,SK-167,2,1,1,Low,0.1,0.4,
EMP0051,8,SK021,3,1,2,Medium,0.2,0.4,LR-003
EMP0051,8,SK001,2,1,1,Low,0.15,0.15,LR-001
EMP0051,8,SK027,2,1,1,Low,0.15,0.3,LR-002
EMP0051,8,SK022,3,2,1,Low,0.2,0.6,
EMP0051,8,SK023,2,2,0,,0.15,0.0,
EMP0051,8,SK024,2,1,1,Low,0.1,0.2,LR-009
EMP0051,8,SK041,2,2,0,,0.05,0.0,LR-031
EMP0052,19,SK044,3,1,2,Medium,0.15,1.2,LR-026
EMP0052,19,SK-165,3,1,2,Medium,0.12,0.72,LR-025
EMP0052,19,SK052,2,1,1,Low,0.08,0.24,
EMP0052,19,SK041,4,1,3,High,0.15,0.45,LR-031
EMP0052,19,SK042,3,1,2,Medium,0.12,0.72,LR-024
EMP0052,19,SK022,3,1,2,Medium,0.1,0.6,
EMP0052,19,SK-167,3,1,2,Medium,0.1,0.8,
EMP0052,19,SK-163,3,1,2,Medium,0.1,0.6,
EMP0052,19,SK-170,2,1,1,Low,0.08,0.4,LR-027
EMP0053,22,SK-158,3,1,2,Medium,0.35,1.4,
EMP0053,22,SK041,3,2,1,Low,0.3,0.3,LR-031
EMP0053,22,SK043,2,1,1,Low,0.2,0.4,LR-032
EMP0053,22,SK-186,1,1,0,,0.15,0.0,
EMP0054,11,SK-183,2,2,0,,0.3,0.0,LR-039
EMP0054,11,SK-184,2,1,1,Low,0.25,0.75,
EMP0054,11,SK041,3,2,1,Low,0.2,0.2,LR-031
EMP0054,11,SK045,2,2,0,,0.15,0.0,
EMP0054,11,SK047,2,2,0,,0.1,0.0,
EMP0055,6,SK039,3,1,2,Medium,0.15,0.3,
EMP0055,6,SK040,2,1,1,Low,0.1,0.2,
EMP0055,6,SK-140,3,2,1,Low,0.1,0.1,
EMP0055,6,SK034,3,1,2,Medium,0.2,1.2,LR-016
EMP0055,6,SK035,2,1,1,Low,0.15,0.6,LR-017
EMP0055,6,SK036,3,2,1,Low,0.15,0.6,LR-018
EMP0055,6,SK031,2,2,0,,0.1,0.0,LR-019
EMP0055,6,SK037,1,1,0,,0.05,0.0,LR-021
EMP0056,1,SK011,2,1,1,Low,0.2,0.2,
EMP0056,1,SK002,2,1,1,Low,0.25,0.5,
EMP0056,1,SK003,1,1,0,,0.15,0.0,
EMP0056,1,SK012,2,1,1,Low,0.25,0.75,LR-010
EMP0056,1,SK-140,1,1,0,,0.1,0.0,
EMP0056,1,SK041,1,2,0,,0.05,0.0,LR-031
EMP0057,21,SK-185,4,1,3,High,0.25,1.5,LR-040
EMP0057,21,SK-186,3,1,2,Medium,0.15,0.6,
EMP0057,21,SK041,4,1,3,High,0.2,0.6,LR-031
EMP0057,21,SK048,4,1,3,High,0.2,1.8,LR-033
EMP0057,21,SK042,3,1,2,Medium,0.1,0.6,LR-024
EMP0057,21,SK-156,3,1,2,Medium,0.1,0.4,
EMP0058,21,SK-185,4,2,2,Medium,0.25,1.0,LR-040
EMP0058,21,SK-186,3,1,2,Medium,0.15,0.6,
EMP0058,21,SK041,4,2,2,Medium,0.2,0.4,LR-031
EMP0058,21,SK048,4,2,2,Medium,0.2,1.2,LR-033
EMP0058,21,SK042,3,1,2,Medium,0.1,0.6,LR-024
EMP0058,21,SK-156,3,2,1,Low,0.1,0.2,
EMP0059,4,SK011,2,2,0,,0.1,0.0,
EMP0059,4,SK002,3,1,2,Medium,0.15,0.6,
EMP0059,4,SK003,2,2,0,,0.1,0.0,
EMP0059,4,SK012,2,1,1,Low,0.1,0.3,LR-010
EMP0059,4,SK016,2,2,0,,0.1,0.0,
EMP0059,4,SK-131,2,2,0,,0.1,0.0,LR-012
EMP0059,4,SK021,2,2,0,,0.15,0.0,LR-003
EMP0059,4,SK-132,2,2,0,,0.1,0.0,
EMP0059,4,SK-140,2,1,1,Low,0.05,0.05,
EMP0059,4,SK034,1,2,0,,0.05,0.0,LR-016
EMP0060,15,SK-128,3,1,2,Medium,0.3,1.8,
EMP0060,15,SK-129,3,1,2,Medium,0.2,0.8,
EMP0060,15,SK011,2,1,1,Low,0.15,0.15,
EMP0060,15,SK041,3,1,2,Medium,0.2,0.4,LR-031
EMP0060,15,SK043,3,1,2,Medium,0.15,0.6,LR-032
EMP0061,1,SK011,2,1,1,Low,0.2,0.2,
EMP0061,1,SK002,2,1,1,Low,0.25,0.5,
EMP0061,1,SK003,1,1,0,,0.15,0.0,
EMP0061,1,SK012,2,1,1,Low,0.25,0.75,LR-010
EMP0061,1,SK-140,1,1,0,,0.1,0.0,
EMP0061,1,SK041,1,1,0,,0.05,0.0,LR-031
EMP0062,3,SK001,2,1,1,Low,0.2,0.2,LR-001
EMP0062,3,SK017,2,1,1,Low,0.2,0.6,
EMP0062,3,SK-135,1,2,0,,0.1,0.0,
EMP0062,3,SK021,2,1,1,Low,0.2,0.2,LR-003
EMP0062,3,SK-132,2,1,1,Low,0.15,0.45,
EMP0062,3,SK-140,1,1,0,,0.1,0.0,
EMP0062,3,SK069,1,1,0,,0.05,0.0,LR-022
EMP0063,3,SK001,2,2,0,,0.2,0.0,LR-001
EMP0063,3,SK017,2,1,1,Low,0.2,0.6,
EMP0063,3,SK-135,1,1,0,,0.1,0.0,
EMP0063,3,SK021,2,1,1,Low,0.2,0.2,LR-003
EMP0063,3,SK-132,2,2,0,,0.15,0.0,
EMP0063,3,SK-140,1,3,0,,0.1,0.0,
EMP0063,3,SK069,1,1,0,,0.05,0.0,LR-022
EMP0064,5,SK002,4,2,2,Medium,0.1,0.4,
EMP0064,5,SK003,4,1,3,High,0.1,0.9,
EMP0064,5,SK012,4,2,2,Medium,0.08,0.48,LR-010
EMP0064,5,SK016,4,1,3,High,0.08,0.72,
EMP0064,5,SK-132,4,1,3,High,0.08,0.72,
EMP0064,5,SK034,3,1,2,Medium,0.06,0.36,LR-016
EMP0064,5,SK-140,4,2,2,Medium,0.05,0.1,
EMP0064,5,SK-137,3,1,2,Medium,0.08,0.8,LR-014
EMP0064,5,SK042,4,1,3,High,0.15,1.35,LR-024
EMP0064,5,SK049,3,2,1,Low,0.1,0.4,
EMP0064,5,SK044,3,1,2,Medium,0.08,0.64,LR-026
EMP0064,5,SK041,4,2,2,Medium,0.04,0.08,LR-031
EMP0065,22,SK-158,3,1,2,Medium,0.35,1.4,
EMP0065,22,SK041,3,1,2,Medium,0.3,0.6,LR-031
EMP0065,22,SK043,2,1,1,Low,0.2,0.4,LR-032
EMP0065,22,SK-186,1,1,0,,0.15,0.0,
EMP0066,15,SK-128,3,1,2,Medium,0.3,1.8,
EMP0066,15,SK-129,3,1,2,Medium,0.2,0.8,
EMP0066,15,SK011,2,2,0,,0.15,0.0,
EMP0066,15,SK041,3,2,1,Low,0.2,0.2,LR-031
EMP0066,15,SK043,3,2,1,Low,0.15,0.3,LR-032
EMP0067,7,SK069,2,1,1,Low,0.3,0.6,LR-022
EMP0067,7,SK070,2,2,0,,0.25,0.0,
EMP0067,7,SK001,1,2,0,,0.15,0.0,LR-001
EMP0067,7,SK-140,1,2,0,,0.1,0.0,
EMP0067,7,SK043,2,1,1,Low,0.1,0.2,LR-032
EMP0067,7,SK041,1,2,0,,0.1,0.0,LR-031
EMP0068,17,SK-179,3,1,2,Medium,0.4,1.6,
EMP0068,17,SK-180,2,1,1,Low,0.25,0.75,LR-037
EMP0068,17,SK046,2,2,0,,0.15,0.0,
EMP0068,17,SK041,2,1,1,Low,0.1,0.1,LR-031
EMP0068,17,SK047,2,1,1,Low,0.1,0.1,
EMP0069,21,SK-185,4,2,2,Medium,0.25,1.0,LR-040
EMP0069,21,SK-186,3,2,1,Low,0.15,0.3,
EMP0069,21,SK041,4,1,3,High,0.2,0.6,LR-031
EMP0069,21,SK048,4,1,3,High,0.2,1.8,LR-033
EMP0069,21,SK042,3,1,2,Medium,0.1,0.6,LR-024
EMP0069,21,SK-156,3,2,1,Low,0.1,0.2,
EMP0070,22,SK-158,3,2,1,Low,0.35,0.7,
EMP0070,22,SK041,3,1,2,Medium,0.3,0.6,LR-031
EMP0070,22,SK043,2,1,1,Low,0.2,0.4,LR-032
EMP0070,22,SK-186,1,1,0,,0.15,0.0,
EMP0071,1,SK011,2,1,1,Low,0.2,0.2,
EMP0071,1,SK002,2,2,0,,0.25,0.0,
EMP0071,1,SK003,1,1,0,,0.15,0.0,
EMP0071,1,SK012,2,1,1,Low,0.25,0.75,LR-010
EMP0071,1,SK-140,1,2,0,,0.1,0.0,
EMP0071,1,SK041,1,1,0,,0.05,0.0,LR-031
EMP0072,7,SK069,2,1,1,Low,0.3,0.6,LR-022
EMP0072,7,SK070,2,1,1,Low,0.25,0.75,
EMP0072,7,SK001,1,1,0,,0.15,0.0,LR-001
EMP0072,7,SK-140,1,1,0,,0.1,0.0,
EMP0072,7,SK043,2,1,1,Low,0.1,0.2,LR-032
EMP0072,7,SK041,1,1,0,,0.1,0.0,LR-031
EMP0073,2,SK011,3,2,1,Low,0.1,0.1,
EMP0073,2,SK002,4,4,0,,0.2,0.0,
EMP0073,2,SK003,3,2,1,Low,0.15,0.45,
EMP0073,2,SK012,4,2,2,Medium,0.2,1.2,LR-010
EMP0073,2,SK015,3,1,2,Medium,0.15,1.2,LR-011
EMP0073,2,SK-140,3,2,1,Low,0.05,0.05,
EMP0073,2,SK-128,2,2,0,,0.05,0.0,
EMP0073,2,SK042,2,2,0,,0.05,0.0,LR-024
EMP0073,2,SK049,1,2,0,,0.05,0.0,
EMP0074,6,SK039,3,1,2,Medium,0.15,0.3,
EMP0074,6,SK040,2,1,1,Low,0.1,0.2,
EMP0074,6,SK-140,3,1,2,Medium,0.1,0.2,
EMP0074,6,SK034,3,1,2,Medium,0.2,1.2,LR-016
EMP0074,6,SK035,2,1,1,Low,0.15,0.6,LR-017
EMP0074,6,SK036,3,1,2,Medium,0.15,1.2,LR-018
EMP0074,6,SK031,2,1,1,Low,0.1,0.3,LR-019
EMP0074,6,SK037,1,1,0,,0.05,0.0,LR-021
EMP0075,3,SK001,2,1,1,Low,0.2,0.2,LR-001
EMP0075,3,SK017,2,1,1,Low,0.2,0.6,
EMP0075,3,SK-135,1,2,0,,0.1,0.0,
EMP0075,3,SK021,2,1,1,Low,0.2,0.2,LR-003
EMP0075,3,SK-132,2,1,1,Low,0.15,0.45,
EMP0075,3,SK-140,1,1,0,,0.1,0.0,
EMP0075,3,SK069,1,1,0,,0.05,0.0,LR-022
EMP0076,14,SK-175,4,1,3,High,0.2,1.2,LR-035
EMP0076,14,SK-176,3,2,1,Low,0.1,0.3,LR-036
EMP0076,14,SK-177,3,1,2,Medium,0.1,0.6,
EMP0076,14,SK042,4,1,3,High,0.2,1.8,LR-024
EMP0076,14,SK041,4,1,3,High,0.15,0.45,LR-031
EMP0076,14,SK-181,3,1,2,Medium,0.15,1.2,
EMP0076,14,SK-163,3,1,2,Medium,0.1,0.6,
EMP0077,7,SK069,2,2,0,,0.3,0.0,LR-022
EMP0077,7,SK070,2,1,1,Low,0.25,0.75,
EMP0077,7,SK001,1,1,0,,0.15,0.0,LR-001
EMP0077,7,SK-140,1,2,0,,0.1,0.0,
EMP0077,7,SK043,2,1,1,Low,0.1,0.2,LR-032
EMP0077,7,SK041,1,2,0,,0.1,0.0,LR-031
EMP0078,4,SK011,2,2,0,,0.1,0.0,
EMP0078,4,SK002,3,2,1,Low,0.15,0.3,
EMP0078,4,SK003,2,1,1,Low,0.1,0.3,
EMP0078,4,SK012,2,1,1,Low,0.1,0.3,LR-010
EMP0078,4,SK016,2,1,1,Low,0.1,0.3,
EMP0078,4,SK-131,2,1,1,Low,0.1,0.3,LR-012
EMP0078,4,SK021,2,1,1,Low,0.15,0.15,LR-003
EMP0078,4,SK-132,2,1,1,Low,0.1,0.3,
EMP0078,4,SK-140,2,2,0,,0.05,0.0,
EMP0078,4,SK034,1,1,0,,0.05,0.0,LR-016
EMP0079,4,SK011,2,1,1,Low,0.1,0.1,
EMP0079,4,SK002,3,1,2,Medium,0.15,0.6,
EMP0079,4,SK003,2,1,1,Low,0.1,0.3,
EMP0079,4,SK012,2,1,1,Low,0.1,0.3,LR-010
EMP0079,4,SK016,2,1,1,Low,0.1,0.3,
EMP0079,4,SK-131,2,1,1,Low,0.1,0.3,LR-012
EMP0079,4,SK021,2,2,0,,0.15,0.0,LR-003
EMP0079,4,SK-132,2,1,1,Low,0.1,0.3,
EMP0079,4,SK-140,2,1,1,Low,0.05,0.05,
EMP0079,4,SK034,1,1,0,,0.05,0.0,LR-016
EMP0080,7,SK069,2,2,0,,0.3,0.0,LR-022
EMP0080,7,SK070,2,1,1,Low,0.25,0.75,
EMP0080,7,SK001,1,1,0,,0.15,0.0,LR-001
EMP0080,7,SK-140,1,2,0,,0.1,0.0,
EMP0080,7,SK043,2,2,0,,0.1,0.0,LR-032
EMP0080,7,SK041,1,2,0,,0.1,0.0,LR-031
EMP0081,4,SK011,2,2,0,,0.1,0.0,
EMP0081,4,SK002,3,1,2,Medium,0.15,0.6,
EMP0081,4,SK003,2,1,1,Low,0.1,0.3,
EMP0081,4,SK012,2,1,1,Low,0.1,0.3,LR-010
EMP0081,4,SK016,2,2,0,,0.1,0.0,
EMP0081,4,SK-131,2,1,1,Low,0.1,0.3,LR-012
EMP0081,4,SK021,2,1,1,Low,0.15,0.15,LR-003
EMP0081,4,SK-132,2,1,1,Low,0.1,0.3,
EMP0081,4,SK-140,2,1,1,Low,0.05,0.05,
EMP0081,4,SK034,1,1,0,,0.05,0.0,LR-016
EMP0082,8,SK021,3,1,2,Medium,0.2,0.4,LR-003
EMP0082,8,SK001,2,2,0,,0.15,0.0,LR-001
EMP0082,8,SK027,2,1,1,Low,0.15,0.3,LR-002
EMP0082,8,SK022,3,1,2,Medium,0.2,1.2,
EMP0082,8,SK023,2,1,1,Low,0.15,0.45,
EMP0082,8,SK024,2,1,1,Low,0.1,0.2,LR-009
EMP0082,8,SK041,2,1,1,Low,0.05,0.05,LR-031
EMP0083,1,SK011,2,1,1,Low,0.2,0.2,
EMP0083,1,SK002,2,1,1,Low,0.25,0.5,
EMP0083,1,SK003,1,1,0,,0.15,0.0,
EMP0083,1,SK012,2,1,1,Low,0.25,0.75,LR-010
EMP0083,1,SK-140,1,2,0,,0.1,0.0,
EMP0083,1,SK041,1,1,0,,0.05,0.0,LR-031
EMP0084,4,SK011,2,2,0,,0.1,0.0,
EMP0084,4,SK002,3,1,2,Medium,0.15,0.6,
EMP0084,4,SK003,2,1,1,Low,0.1,0.3,
EMP0084,4,SK012,2,2,0,,0.1,0.0,LR-010
EMP0084,4,SK016,2,1,1,Low,0.1,0.3,
EMP0084,4,SK-131,2,2,0,,0.1,0.0,LR-012
EMP0084,4,SK021,2,2,0,,0.15,0.0,LR-003
EMP0084,4,SK-132,2,1,1,Low,0.1,0.3,
EMP0084,4,SK-140,2,2,0,,0.05,0.0,
EMP0084,4,SK034,1,1,0,,0.05,0.0,LR-016
EMP0085,8,SK021,3,2,1,Low,0.2,0.2,LR-003
EMP0085,8,SK001,2,1,1,Low,0.15,0.15,LR-001
EMP0085,8,SK027,2,1,1,Low,0.15,0.3,LR-002
EMP0085,8,SK022,3,2,1,Low,0.2,0.6,
EMP0085,8,SK023,2,1,1,Low,0.15,0.45,
EMP0085,8,SK024,2,1,1,Low,0.1,0.2,LR-009
EMP0085,8,SK041,2,2,0,,0.05,0.0,LR-031
EMP0086,13,SK-175,3,1,2,Medium,0.25,1.0,LR-035
EMP0086,13,SK-176,2,1,1,Low,0.2,0.6,LR-036
EMP0086,13,SK-177,2,1,1,Low,0.2,0.6,
EMP0086,13,SK-178,2,1,1,Low,0.15,0.3,
EMP0086,13,SK041,3,2,1,Low,0.1,0.1,LR-031
EMP0086,13,SK022,2,2,0,,0.1,0.0,
EMP0087,4,SK011,2,1,1,Low,0.1,0.1,
EMP0087,4,SK002,3,1,2,Medium,0.15,0.6,
EMP0087,4,SK003,2,1,1,Low,0.1,0.3,
EMP0087,4,SK012,2,1,1,Low,0.1,0.3,LR-010
EMP0087,4,SK016,2,1,1,Low,0.1,0.3,
EMP0087,4,SK-131,2,1,1,Low,0.1,0.3,LR-012
EMP0087,4,SK021,2,2,0,,0.15,0.0,LR-003
EMP0087,4,SK-132,2,1,1,Low,0.1,0.3,
EMP0087,4,SK-140,2,1,1,Low,0.05,0.05,
EMP0087,4,SK034,1,1,0,,0.05,0.0,LR-016
EMP0088,3,SK001,2,2,0,,0.2,0.0,LR-001
EMP0088,3,SK017,2,1,1,Low,0.2,0.6,
EMP0088,3,SK-135,1,1,0,,0.1,0.0,
EMP0088,3,SK021,2,1,1,Low,0.2,0.2,LR-003
EMP0088,3,SK-132,2,1,1,Low,0.15,0.45,
EMP0088,3,SK-140,1,2,0,,0.1,0.0,
EMP0088,3,SK069,1,2,0,,0.05,0.0,LR-022
EMP0089,1,SK011,2,1,1,Low,0.2,0.2,
EMP0089,1,SK002,2,1,1,Low,0.25,0.5,
EMP0089,1,SK003,1,2,0,,0.15,0.0,
EMP0089,1,SK012,2,1,1,Low,0.25,0.75,LR-010
EMP0089,1,SK-140,1,1,0,,0.1,0.0,
EMP0089,1,SK041,1,1,0,,0.05,0.0,LR-031
EMP0090,22,SK-158,3,2,1,Low,0.35,0.7,
EMP0090,22,SK041,3,1,2,Medium,0.3,0.6,LR-031
EMP0090,22,SK043,2,1,1,Low,0.2,0.4,LR-032
EMP0090,22,SK-186,1,2,0,,0.15,0.0,
EMP0091,8,SK021,3,2,1,Low,0.2,0.2,LR-003
EMP0091,8,SK001,2,1,1,Low,0.15,0.15,LR-001
EMP0091,8,SK027,2,2,0,,0.15,0.0,LR-002
EMP0091,8,SK022,3,1,2,Medium,0.2,1.2,
EMP0091,8,SK023,2,1,1,Low,0.15,0.45,
EMP0091,8,SK024,2,2,0,,0.1,0.0,LR-009
EMP0091,8,SK041,2,1,1,Low,0.05,0.05,LR-031
EMP0092,11,SK-183,2,1,1,Low,0.3,0.9,LR-039
EMP0092,11,SK-184,2,1,1,Low,0.25,0.75,
EMP0092,11,SK041,3,1,2,Medium,0.2,0.4,LR-031
EMP0092,11,SK045,2,1,1,Low,0.15,0.15,
EMP0092,11,SK047,2,2,0,,0.1,0.0,
EMP0093,21,SK-185,4,2,2,Medium,0.25,1.0,LR-040
EMP0093,21,SK-186,3,1,2,Medium,0.15,0.6,
EMP0093,21,SK041,4,2,2,Medium,0.2,0.4,LR-031
EMP0093,21,SK048,4,1,3,High,0.2,1.8,LR-033
EMP0093,21,SK042,3,1,2,Medium,0.1,0.6,LR-024
EMP0093,21,SK-156,3,2,1,Low,0.1,0.2,
EMP0094,1,SK011,2,2,0,,0.2,0.0,
EMP0094,1,SK002,2,1,1,Low,0.25,0.5,
EMP0094,1,SK003,1,1,0,,0.15,0.0,
EMP0094,1,SK012,2,1,1,Low,0.25,0.75,LR-010
EMP0094,1,SK-140,1,1,0,,0.1,0.0,
EMP0094,1,SK041,1,1,0,,0.05,0.0,LR-031
EMP0095,20,SK-185,2,1,1,Low,0.35,0.7,LR-040
EMP0095,20,SK-186,2,1,1,Low,0.2,0.4,
EMP0095,20,SK041,3,2,1,Low,0.25,0.25,LR-031
EMP0095,20,SK048,2,2,0,,0.2,0.0,LR-033
EMP0096,11,SK-183,2,2,0,,0.3,0.0,LR-039
EMP0096,11,SK-184,2,2,0,,0.25,0.0,
EMP0096,11,SK041,3,1,2,Medium,0.2,0.4,LR-031
EMP0096,11,SK045,2,2,0,,0.15,0.0,
EMP0096,11,SK047,2,1,1,Low,0.1,0.1,
EMP0097,3,SK001,2,3,0,,0.2,0.0,LR-001
EMP0097,3,SK017,2,1,1,Low,0.2,0.6,
EMP0097,3,SK-135,1,1,0,,0.1,0.0,
EMP0097,3,SK021,2,1,1,Low,0.2,0.2,LR-003
EMP0097,3,SK-132,2,1,1,Low,0.15,0.45,
EMP0097,3,SK-140,1,2,0,,0.1,0.0,
EMP0097,3,SK069,1,1,0,,0.05,0.0,LR-022
EMP0098,8,SK021,3,2,1,Low,0.2,0.2,LR-003
EMP0098,8,SK001,2,2,0,,0.15,0.0,LR-001
EMP0098,8,SK027,2,1,1,Low,0.15,0.3,LR-002
EMP0098,8,SK022,3,1,2,Medium,0.2,1.2,
EMP0098,8,SK023,2,1,1,Low,0.15,0.45,
EMP0098,8,SK024,2,1,1,Low,0.1,0.2,LR-009
EMP0098,8,SK041,2,2,0,,0.05,0.0,LR-031
EMP0099,17,SK-179,3,1,2,Medium,0.4,1.6,
EMP0099,17,SK-180,2,1,1,Low,0.25,0.75,LR-037
EMP0099,17,SK046,2,2,0,,0.15,0.0,
EMP0099,17,SK041,2,2,0,,0.1,0.0,LR-031
EMP0099,17,SK047,2,2,0,,0.1,0.0,
EMP0100,9,SK021,4,1,3,High,0.12,0.36,LR-003
EMP0100,9,SK001,3,3,0,,0.1,0.0,LR-001
EMP0100,9,SK027,3,1,2,Medium,0.1,0.4,LR-002
EMP0100,9,SK028,3,1,2,Medium,0.08,0.32,
EMP0100,9,SK022,4,1,3,High,0.15,1.35,
EMP0100,9,SK025,3,1,2,Medium,0.12,0.96,LR-005
EMP0100,9,SK-113,2,1,1,Low,0.08,0.32,LR-007
EMP0100,9,SK023,3,1,2,Medium,0.1,0.6,
EMP0100,9,SK024,3,1,2,Medium,0.05,0.2,LR-009
EMP0100,9,SK042,2,1,1,Low,0.05,0.15,LR-024
EMP0100,9,SK-156,3,1,2,Medium,0.05,0.2,
EMP0101,22,SK-158,3,1,2,Medium,0.35,1.4,
EMP0101,22,SK041,3,2,1,Low,0.3,0.3,LR-031
EMP0101,22,SK043,2,1,1,Low,0.2,0.4,LR-032
EMP0101,22,SK-186,1,1,0,,0.15,0.0,
EMP0102,7,SK069,2,1,1,Low,0.3,0.6,LR-022
EMP0102,7,SK070,2,1,1,Low,0.25,0.75,
EMP0102,7,SK001,1,1,0,,0.15,0.0,LR-001
EMP0102,7,SK-140,1,1,0,,0.1,0.0,
EMP0102,7,SK043,2,1,1,Low,0.1,0.2,LR-032
EMP0102,7,SK041,1,1,0,,0.1,0.0,LR-031
EMP0103,17,SK-179,3,2,1,Low,0.4,0.8,
EMP0103,17,SK-180,2,1,1,Low,0.25,0.75,LR-037
EMP0103,17,SK046,2,2,0,,0.15,0.0,
EMP0103,17,SK041,2,2,0,,0.1,0.0,LR-031
EMP0103,17,SK047,2,1,1,Low,0.1,0.1,
EMP0104,7,SK069,2,1,1,Low,0.3,0.6,LR-022
EMP0104,7,SK070,2,1,1,Low,0.25,0.75,
EMP0104,7,SK001,1,2,0,,0.15,0.0,LR-001
EMP0104,7,SK-140,1,1,0,,0.1,0.0,
EMP0104,7,SK043,2,1,1,Low,0.1,0.2,LR-032
EMP0104,7,SK041,1,1,0,,0.1,0.0,LR-031
EMP0105,20,SK-185,2,1,1,Low,0.35,0.7,LR-040
EMP0105,20,SK-186,2,2,0,,0.2,0.0,
EMP0105,20,SK041,3,2,1,Low,0.25,0.25,LR-031
EMP0105,20,SK048,2,2,0,,0.2,0.0,LR-033
EMP0106,11,SK-183,2,1,1,Low,0.3,0.9,LR-039
EMP0106,11,SK-184,2,1,1,Low,0.25,0.75,
EMP0106,11,SK041,3,1,2,Medium,0.2,0.4,LR-031
EMP0106,11,SK045,2,1,1,Low,0.15,0.15,
EMP0106,11,SK047,2,1,1,Low,0.1,0.1,
EMP0107,1,SK011,2,1,1,Low,0.2,0.2,
EMP0107,1,SK002,2,1,1,Low,0.25,0.5,
EMP0107,1,SK003,1,2,0,,0.15,0.0,
EMP0107,1,SK012,2,2,0,,0.25,0.0,LR-010
EMP0107,1,SK-140,1,3,0,,0.1,0.0,
EMP0107,1,SK041,1,1,0,,0.05,0.0,LR-031
EMP0108,1,SK011,2,2,0,,0.2,0.0,
EMP0108,1,SK002,2,1,1,Low,0.25,0.5,
EMP0108,1,SK003,1,1,0,,0.15,0.0,
EMP0108,1,SK012,2,1,1,Low,0.25,0.75,LR-010
EMP0108,1,SK-140,1,1,0,,0.1,0.0,
EMP0108,1,SK041,1,1,0,,0.05,0.0,LR-031
EMP0109,3,SK001,2,2,0,,0.2,0.0,LR-001
EMP0109,3,SK017,2,2,0,,0.2,0.0,
EMP0109,3,SK-135,1,1,0,,0.1,0.0,
EMP0109,3,SK021,2,2,0,,0.2,0.0,LR-003
EMP0109,3,SK-132,2,2,0,,0.15,0.0,
EMP0109,3,SK-140,1,1,0,,0.1,0.0,
EMP0109,3,SK069,1,1,0,,0.05,0.0,LR-022
EMP0110,1,SK011,2,2,0,,0.2,0.0,
EMP0110,1,SK002,2,1,1,Low,0.25,0.5,
EMP0110,1,SK003,1,2,0,,0.15,0.0,
EMP0110,1,SK012,2,3,0,,0.25,0.0,LR-010
EMP0110,1,SK-140,1,3,0,,0.1,0.0,
EMP0110,1,SK041,1,2,0,,0.05,0.0,LR-031
EMP0111,1,SK011,2,3,0,,0.2,0.0,
EMP0111,1,SK002,2,1,1,Low,0.25,0.5,
EMP0111,1,SK003,1,1,0,,0.15,0.0,
EMP0111,1,SK012,2,1,1,Low,0.25,0.75,LR-010
EMP0111,1,SK-140,1,2,0,,0.1,0.0,
EMP0111,1,SK041,1,2,0,,0.05,0.0,LR-031
EMP0112,15,SK-128,3,1,2,Medium,0.3,1.8,
EMP0112,15,SK-129,3,2,1,Low,0.2,0.4,
EMP0112,15,SK011,2,2,0,,0.15,0.0,
EMP0112,15,SK041,3,1,2,Medium,0.2,0.4,LR-031
EMP0112,15,SK043,3,1,2,Medium,0.15,0.6,LR-032
EMP0113,10,SK021,2,2,0,,0.15,0.0,LR-003
EMP0113,10,SK022,3,1,2,Medium,0.2,1.2,
EMP0113,10,SK023,2,1,1,Low,0.1,0.3,
EMP0113,10,SK041,4,2,2,Medium,0.2,0.4,LR-031
EMP0113,10,SK046,3,1,2,Medium,0.15,0.6,
EMP0113,10,SK-156,3,1,2,Medium,0.1,0.4,
EMP0113,10,SK-167,2,2,0,,0.1,0.0,
EMP0114,17,SK-179,3,1,2,Medium,0.4,1.6,
EMP0114,17,SK-180,2,1,1,Low,0.25,0.75,LR-037
EMP0114,17,SK046,2,1,1,Low,0.15,0.3,
EMP0114,17,SK041,2,1,1,Low,0.1,0.1,LR-031
EMP0114,17,SK047,2,1,1,Low,0.1,0.1,
EMP0115,21,SK-185,4,1,3,High,0.25,1.5,LR-040
EMP0115,21,SK-186,3,1,2,Medium,0.15,0.6,
EMP0115,21,SK041,4,2,2,Medium,0.2,0.4,LR-031
EMP0115,21,SK048,4,1,3,High,0.2,1.8,LR-033
EMP0115,21,SK042,3,1,2,Medium,0.1,0.6,LR-024
EMP0115,21,SK-156,3,1,2,Medium,0.1,0.4,
EMP0116,12,SK-183,4,2,2,Medium,0.2,1.2,LR-039
EMP0116,12,SK-184,3,2,1,Low,0.15,0.45,
EMP0116,12,SK042,4,1,3,High,0.2,1.8,LR-024
EMP0116,12,SK041,4,2,2,Medium,0.15,0.3,LR-031
EMP0116,12,SK-163,3,2,1,Low,0.15,0.45,
EMP0116,12,SK049,3,2,1,Low,0.1,0.4,
EMP0116,12,SK-173,2,1,1,Low,0.05,0.2,LR-030
EMP0117,16,SK-179,2,2,0,,0.15,0.0,
EMP0117,16,SK-180,3,1,2,Medium,0.3,1.8,LR-037
EMP0117,16,SK021,2,2,0,,0.12,0.0,LR-003
EMP0117,16,SK022,2,1,1,Low,0.15,0.45,
EMP0117,16,SK046,3,2,1,Low,0.15,0.3,
EMP0117,16,SK-156,2,1,1,Low,0.08,0.16,
EMP0117,16,SK-182,2,1,1,Low,0.05,0.25,LR-038
EMP0118,17,SK-179,3,1,2,Medium,0.4,1.6,
EMP0118,17,SK-180,2,1,1,Low,0.25,0.75,LR-037
EMP0118,17,SK046,2,1,1,Low,0.15,0.3,
EMP0118,17,SK041,2,2,0,,0.1,0.0,LR-031
EMP0118,17,SK047,2,1,1,Low,0.1,0.1,
EMP0119,7,SK069,2,1,1,Low,0.3,0.6,LR-022
EMP0119,7,SK070,2,1,1,Low,0.25,0.75,
EMP0119,7,SK001,1,2,0,,0.15,0.0,LR-001
EMP0119,7,SK-140,1,2,0,,0.1,0.0,
EMP0119,7,SK043,2,1,1,Low,0.1,0.2,LR-032
EMP0119,7,SK041,1,1,0,,0.1,0.0,LR-031
EMP0120,4,SK011,2,1,1,Low,0.1,0.1,
EMP0120,4,SK002,3,2,1,Low,0.15,0.3,
EMP0120,4,SK003,2,1,1,Low,0.1,0.3,
EMP0120,4,SK012,2,1,1,Low,0.1,0.3,LR-010
EMP0120,4,SK016,2,1,1,Low,0.1,0.3,
EMP0120,4,SK-131,2,1,1,Low,0.1,0.3,LR-012
EMP0120,4,SK021,2,2,0,,0.15,0.0,LR-003
EMP0120,4,SK-132,2,1,1,Low,0.1,0.3,
EMP0120,4,SK-140,2,3,0,,0.05,0.0,
EMP0120,4,SK034,1,1,0,,0.05,0.0,LR-016
EMP0121,3,SK001,2,1,1,Low,0.2,0.2,LR-001
EMP0121,3,SK017,2,1,1,Low,0.2,0.6,
EMP0121,3,SK-135,1,1,0,,0.1,0.0,
EMP0121,3,SK021,2,2,0,,0.2,0.0,LR-003
EMP0121,3,SK-132,2,1,1,Low,0.15,0.45,
EMP0121,3,SK-140,1,2,0,,0.1,0.0,
EMP0121,3,SK069,1,2,0,,0.05,0.0,LR-022
EMP0122,4,SK011,2,2,0,,0.1,0.0,
EMP0122,4,SK002,3,1,2,Medium,0.15,0.6,
EMP0122,4,SK003,2,1,1,Low,0.1,0.3,
EMP0122,4,SK012,2,2,0,,0.1,0.0,LR-010
EMP0122,4,SK016,2,2,0,,0.1,0.0,
EMP0122,4,SK-131,2,1,1,Low,0.1,0.3,LR-012
EMP0122,4,SK021,2,2,0,,0.15,0.0,LR-003
EMP0122,4,SK-132,2,2,0,,0.1,0.0,
EMP0122,4,SK-140,2,2,0,,0.05,0.0,
EMP0122,4,SK034,1,1,0,,0.05,0.0,LR-016
EMP0123,4,SK011,2,2,0,,0.1,0.0,
EMP0123,4,SK002,3,1,2,Medium,0.15,0.6,
EMP0123,4,SK003,2,2,0,,0.1,0.0,
EMP0123,4,SK012,2,1,1,Low,0.1,0.3,LR-010
EMP0123,4,SK016,2,1,1,Low,0.1,0.3,
EMP0123,4,SK-131,2,1,1,Low,0.1,0.3,LR-012
EMP0123,4,SK021,2,2,0,,0.15,0.0,LR-003
EMP0123,4,SK-132,2,1,1,Low,0.1,0.3,
EMP0123,4,SK-140,2,2,0,,0.05,0.0,
EMP0123,4,SK034,1,2,0,,0.05,0.0,LR-016
EMP0124,3,SK001,2,1,1,Low,0.2,0.2,LR-001
EMP0124,3,SK017,2,1,1,Low,0.2,0.6,
EMP0124,3,SK-135,1,1,0,,0.1,0.0,
EMP0124,3,SK021,2,1,1,Low,0.2,0.2,LR-003
EMP0124,3,SK-132,2,1,1,Low,0.15,0.45,
EMP0124,3,SK-140,1,1,0,,0.1,0.0,
EMP0124,3,SK069,1,1,0,,0.05,0.0,LR-022
EMP0125,20,SK-185,2,2,0,,0.35,0.0,LR-040
EMP0125,20,SK-186,2,1,1,Low,0.2,0.4,
EMP0125,20,SK041,3,3,0,,0.25,0.0,LR-031
EMP0125,20,SK048,2,2,0,,0.2,0.0,LR-033
EMP0126,17,SK-179,3,1,2,Medium,0.4,1.6,
EMP0126,17,SK-180,2,1,1,Low,0.25,0.75,LR-037
EMP0126,17,SK046,2,1,1,Low,0.15,0.3,
EMP0126,17,SK041,2,1,1,Low,0.1,0.1,LR-031
EMP0126,17,SK047,2,1,1,Low,0.1,0.1,
EMP0127,1,SK011,2,1,1,Low,0.2,0.2,
EMP0127,1,SK002,2,1,1,Low,0.25,0.5,
EMP0127,1,SK003,1,1,0,,0.15,0.0,
EMP0127,1,SK012,2,1,1,Low,0.25,0.75,LR-010
EMP0127,1,SK-140,1,1,0,,0.1,0.0,
EMP0127,1,SK041,1,1,0,,0.05,0.0,LR-031
EMP0128,4,SK011,2,2,0,,0.1,0.0,
EMP0128,4,SK002,3,1,2,Medium,0.15,0.6,
EMP0128,4,SK003,2,1,1,Low,0.1,0.3,
EMP0128,4,SK012,2,1,1,Low,0.1,0.3,LR-010
EMP0128,4,SK016,2,1,1,Low,0.1,0.3,
EMP0128,4,SK-131,2,1,1,Low,0.1,0.3,LR-012
EMP0128,4,SK021,2,2,0,,0.15,0.0,LR-003
EMP0128,4,SK-132,2,2,0,,0.1,0.0,
EMP0128,4,SK-140,2,2,0,,0.05,0.0,
EMP0128,4,SK034,1,1,0,,0.05,0.0,LR-016
EMP0129,1,SK011,2,1,1,Low,0.2,0.2,
EMP0129,1,SK002,2,1,1,Low,0.25,0.5,
EMP0129,1,SK003,1,2,0,,0.15,0.0,
EMP0129,1,SK012,2,1,1,Low,0.25,0.75,LR-010
EMP0129,1,SK-140,1,2,0,,0.1,0.0,
EMP0129,1,SK041,1,2,0,,0.05,0.0,LR-031
EMP0130,9,SK021,4,1,3,High,0.12,0.36,LR-003
EMP0130,9,SK001,3,1,2,Medium,0.1,0.2,LR-001
EMP0130,9,SK027,3,1,2,Medium,0.1,0.4,LR-002
EMP0130,9,SK028,3,1,2,Medium,0.08,0.32,
EMP0130,9,SK022,4,1,3,High,0.15,1.35,
EMP0130,9,SK025,3,1,2,Medium,0.12,0.96,LR-005
EMP0130,9,SK-113,2,2,0,,0.08,0.0,LR-007
EMP0130,9,SK023,3,1,2,Medium,0.1,0.6,
EMP0130,9,SK024,3,1,2,Medium,0.05,0.2,LR-009
EMP0130,9,SK042,2,2,0,,0.05,0.0,LR-024
EMP0130,9,SK-156,3,1,2,Medium,0.05,0.2,
EMP0131,9,SK021,4,2,2,Medium,0.12,0.24,LR-003
EMP0131,9,SK001,3,2,1,Low,0.1,0.1,LR-001
EMP0131,9,SK027,3,1,2,Medium,0.1,0.4,LR-002
EMP0131,9,SK028,3,3,0,,0.08,0.0,
EMP0131,9,SK022,4,1,3,High,0.15,1.35,
EMP0131,9,SK025,3,1,2,Medium,0.12,0.96,LR-005
EMP0131,9,SK-113,2,1,1,Low,0.08,0.32,LR-007
EMP0131,9,SK023,3,1,2,Medium,0.1,0.6,
EMP0131,9,SK024,3,2,1,Low,0.05,0.1,LR-009
EMP0131,9,SK042,2,2,0,,0.05,0.0,LR-024
EMP0131,9,SK-156,3,2,1,Low,0.05,0.1,
EMP0132,20,SK-185,2,1,1,Low,0.35,0.7,LR-040
EMP0132,20,SK-186,2,1,1,Low,0.2,0.4,
EMP0132,20,SK041,3,1,2,Medium,0.25,0.5,LR-031
EMP0132,20,SK048,2,1,1,Low,0.2,0.6,LR-033
EMP0133,5,SK002,4,1,3,High,0.1,0.6,
EMP0133,5,SK003,4,1,3,High,0.1,0.9,
EMP0133,5,SK012,4,1,3,High,0.08,0.72,LR-010
EMP0133,5,SK016,4,1,3,High,0.08,0.72,
EMP0133,5,SK-132,4,1,3,High,0.08,0.72,
EMP0133,5,SK034,3,1,2,Medium,0.06,0.36,LR-016
EMP0133,5,SK-140,4,1,3,High,0.05,0.15,
EMP0133,5,SK-137,3,1,2,Medium,0.08,0.8,LR-014
EMP0133,5,SK042,4,1,3,High,0.15,1.35,LR-024
EMP0133,5,SK049,3,1,2,Medium,0.1,0.8,
EMP0133,5,SK044,3,1,2,Medium,0.08,0.64,LR-026
EMP0133,5,SK041,4,2,2,Medium,0.04,0.08,LR-031
EMP0134,19,SK044,3,1,2,Medium,0.15,1.2,LR-026
EMP0134,19,SK-165,3,1,2,Medium,0.12,0.72,LR-025
EMP0134,19,SK052,2,1,1,Low,0.08,0.24,
EMP0134,19,SK041,4,1,3,High,0.15,0.45,LR-031
EMP0134,19,SK042,3,1,2,Medium,0.12,0.72,LR-024
EMP0134,19,SK022,3,2,1,Low,0.1,0.3,
EMP0134,19,SK-167,3,2,1,Low,0.1,0.4,
EMP0134,19,SK-163,3,1,2,Medium,0.1,0.6,
EMP0134,19,SK-170,2,1,1,Low,0.08,0.4,LR-027
EMP0135,22,SK-158,3,1,2,Medium,0.35,1.4,
EMP0135,22,SK041,3,2,1,Low,0.3,0.3,LR-031
EMP0135,22,SK043,2,1,1,Low,0.2,0.4,LR-032
EMP0135,22,SK-186,1,1,0,,0.15,0.0,
EMP0136,1,SK011,2,2,0,,0.2,0.0,
EMP0136,1,SK002,2,2,0,,0.25,0.0,
EMP0136,1,SK003,1,1,0,,0.15,0.0,
EMP0136,1,SK012,2,1,1,Low,0.25,0.75,LR-010
EMP0136,1,SK-140,1,3,0,,0.1,0.0,
EMP0136,1,SK041,1,2,0,,0.05,0.0,LR-031
EMP0137,18,SK-168,4,1,3,High,0.2,2.4,
EMP0137,18,SK-169,3,1,2,Medium,0.15,1.5,LR-029
EMP0137,18,SK042,4,1,3,High,0.2,1.8,LR-024
EMP0137,18,SK044,4,1,3,High,0.15,1.8,LR-026
EMP0137,18,SK-163,3,2,1,Low,0.15,0.45,
EMP0137,18,SK-173,3,1,2,Medium,0.1,0.8,LR-030
EMP0137,18,SK041,4,1,3,High,0.05,0.15,LR-031
EMP0138,12,SK-183,4,1,3,High,0.2,1.8,LR-039
EMP0138,12,SK-184,3,1,2,Medium,0.15,0.9,
EMP0138,12,SK042,4,1,3,High,0.2,1.8,LR-024
EMP0138,12,SK041,4,1,3,High,0.15,0.45,LR-031
EMP0138,12,SK-163,3,2,1,Low,0.15,0.45,
EMP0138,12,SK049,3,1,2,Medium,0.1,0.8,
EMP0138,12,SK-173,2,2,0,,0.05,0.0,LR-030
EMP0139,9,SK021,4,2,2,Medium,0.12,0.24,LR-003
EMP0139,9,SK001,3,2,1,Low,0.1,0.1,LR-001
EMP0139,9,SK027,3,1,2,Medium,0.1,0.4,LR-002
EMP0139,9,SK028,3,1,2,Medium,0.08,0.32,
EMP0139,9,SK022,4,1,3,High,0.15,1.35,
EMP0139,9,SK025,3,2,1,Low,0.12,0.48,LR-005
EMP0139,9,SK-113,2,1,1,Low,0.08,0.32,LR-007
EMP0139,9,SK023,3,1,2,Medium,0.1,0.6,
EMP0139,9,SK024,3,2,1,Low,0.05,0.1,LR-009
EMP0139,9,SK042,2,1,1,Low,0.05,0.15,LR-024
EMP0139,9,SK-156,3,2,1,Low,0.05,0.1,
EMP0140,8,SK021,3,2,1,Low,0.2,0.2,LR-003
EMP0140,8,SK001,2,2,0,,0.15,0.0,LR-001
EMP0140,8,SK027,2,1,1,Low,0.15,0.3,LR-002
EMP0140,8,SK022,3,2,1,Low,0.2,0.6,
EMP0140,8,SK023,2,1,1,Low,0.15,0.45,
EMP0140,8,SK024,2,1,1,Low,0.1,0.2,LR-009
EMP0140,8,SK041,2,2,0,,0.05,0.0,LR-031
EMP0141,18,SK-168,4,1,3,High,0.2,2.4,
EMP0141,18,SK-169,3,1,2,Medium,0.15,1.5,LR-029
EMP0141,18,SK042,4,1,3,High,0.2,1.8,LR-024
EMP0141,18,SK044,4,1,3,High,0.15,1.8,LR-026
EMP0141,18,SK-163,3,1,2,Medium,0.15,0.9,
EMP0141,18,SK-173,3,1,2,Medium,0.1,0.8,LR-030
EMP0141,18,SK041,4,1,3,High,0.05,0.15,LR-031
EMP0142,13,SK-175,3,1,2,Medium,0.25,1.0,LR-035
EMP0142,13,SK-176,2,1,1,Low,0.2,0.6,LR-036
EMP0142,13,SK-177,2,2,0,,0.2,0.0,
EMP0142,13,SK-178,2,2,0,,0.15,0.0,
EMP0142,13,SK041,3,2,1,Low,0.1,0.1,LR-031
EMP0142,13,SK022,2,2,0,,0.1,0.0,
EMP0143,19,SK044,3,1,2,Medium,0.15,1.2,LR-026
EMP0143,19,SK-165,3,1,2,Medium,0.12,0.72,LR-025
EMP0143,19,SK052,2,1,1,Low,0.08,0.24,
EMP0143,19,SK041,4,1,3,High,0.15,0.45,LR-031
EMP0143,19,SK042,3,1,2,Medium,0.12,0.72,LR-024
EMP0143,19,SK022,3,1,2,Medium,0.1,0.6,
EMP0143,19,SK-167,3,1,2,Medium,0.1,0.8,
EMP0143,19,SK-163,3,1,2,Medium,0.1,0.6,
EMP0143,19,SK-170,2,1,1,Low,0.08,0.4,LR-027
EMP0144,21,SK-185,4,1,3,High,0.25,1.5,LR-040
EMP0144,21,SK-186,3,2,1,Low,0.15,0.3,
EMP0144,21,SK041,4,2,2,Medium,0.2,0.4,LR-031
EMP0144,21,SK048,4,2,2,Medium,0.2,1.2,LR-033
EMP0144,21,SK042,3,1,2,Medium,0.1,0.6,LR-024
EMP0144,21,SK-156,3,2,1,Low,0.1,0.2,
EMP0145,13,SK-175,3,1,2,Medium,0.25,1.0,LR-035
EMP0145,13,SK-176,2,1,1,Low,0.2,0.6,LR-036
EMP0145,13,SK-177,2,1,1,Low,0.2,0.6,
EMP0145,13,SK-178,2,1,1,Low,0.15,0.3,
EMP0145,13,SK041,3,2,1,Low,0.1,0.1,LR-031
EMP0145,13,SK022,2,1,1,Low,0.1,0.3,
EMP0146,22,SK-158,3,2,1,Low,0.35,0.7,
EMP0146,22,SK041,3,3,0,,0.3,0.0,LR-031
EMP0146,22,SK043,2,2,0,,0.2,0.0,LR-032
EMP0146,22,SK-186,1,2,0,,0.15,0.0,
EMP0147,13,SK-175,3,1,2,Medium,0.25,1.0,LR-035
EMP0147,13,SK-176,2,2,0,,0.2,0.0,LR-036
EMP0147,13,SK-177,2,2,0,,0.2,0.0,
EMP0147,13,SK-178,2,1,1,Low,0.15,0.3,
EMP0147,13,SK041,3,2,1,Low,0.1,0.1,LR-031
EMP0147,13,SK022,2,1,1,Low,0.1,0.3,
EMP0148,13,SK-175,3,2,1,Low,0.25,0.5,LR-035
EMP0148,13,SK-176,2,1,1,Low,0.2,0.6,LR-036
EMP0148,13,SK-177,2,1,1,Low,0.2,0.6,
EMP0148,13,SK-178,2,2,0,,0.15,0.0,
EMP0148,13,SK041,3,1,2,Medium,0.1,0.2,LR-031
EMP0148,13,SK022,2,1,1,Low,0.1,0.3,
EMP0149,11,SK-183,2,1,1,Low,0.3,0.9,LR-039
EMP0149,11,SK-184,2,1,1,Low,0.25,0.75,
EMP0149,11,SK041,3,1,2,Medium,0.2,0.4,LR-031
EMP0149,11,SK045,2,1,1,Low,0.15,0.15,
EMP0149,11,SK047,2,3,0,,0.1,0.0,
EMP0150,2,SK011,3,2,1,Low,0.1,0.1,
EMP0150,2,SK002,4,2,2,Medium,0.2,0.8,
EMP0150,2,SK003,3,1,2,Medium,0.15,0.9,
EMP0150,2,SK012,4,2,2,Medium,0.2,1.2,LR-010
EMP0150,2,SK015,3,2,1,Low,0.15,0.6,LR-011
EMP0150,2,SK-140,3,2,1,Low,0.05,0.05,
EMP0150,2,SK-128,2,2,0,,0.05,0.0,
EMP0150,2,SK042,2,1,1,Low,0.05,0.15,LR-024
EMP0150,2,SK049,1,1,0,,0.05,0.0,
EMP0151,16,SK-179,2,1,1,Low,0.15,0.3,
EMP0151,16,SK-180,3,1,2,Medium,0.3,1.8,LR-037
EMP0151,16,SK021,2,1,1,Low,0.12,0.12,LR-003
EMP0151,16,SK022,2,1,1,Low,0.15,0.45,
EMP0151,16,SK046,3,1,2,Medium,0.15,0.6,
EMP0151,16,SK-156,2,2,0,,0.08,0.0,
EMP0151,16,SK-182,2,1,1,Low,0.05,0.25,LR-038
EMP0152,11,SK-183,2,2,0,,0.3,0.0,LR-039
EMP0152,11,SK-184,2,2,0,,0.25,0.0,
EMP0152,11,SK041,3,2,1,Low,0.2,0.2,LR-031
EMP0152,11,SK045,2,1,1,Low,0.15,0.15,
EMP0152,11,SK047,2,1,1,Low,0.1,0.1,
EMP0153,8,SK021,3,1,2,Medium,0.2,0.4,LR-003
EMP0153,8,SK001,2,1,1,Low,0.15,0.15,LR-001
EMP0153,8,SK027,2,1,1,Low,0.15,0.3,LR-002
EMP0153,8,SK022,3,1,2,Medium,0.2,1.2,
EMP0153,8,SK023,2,1,1,Low,0.15,0.45,
EMP0153,8,SK024,2,1,1,Low,0.1,0.2,LR-009
EMP0153,8,SK041,2,2,0,,0.05,0.0,LR-031
EMP0154,21,SK-185,4,1,3,High,0.25,1.5,LR-040
EMP0154,21,SK-186,3,1,2,Medium,0.15,0.6,
EMP0154,21,SK041,4,1,3,High,0.2,0.6,LR-031
EMP0154,21,SK048,4,1,3,High,0.2,1.8,LR-033
EMP0154,21,SK042,3,2,1,Low,0.1,0.3,LR-024
EMP0154,21,SK-156,3,1,2,Medium,0.1,0.4,
EMP0155,5,SK002,4,1,3,High,0.1,0.6,
EMP0155,5,SK003,4,1,3,High,0.1,0.9,
EMP0155,5,SK012,4,1,3,High,0.08,0.72,LR-010
EMP0155,5,SK016,4,2,2,Medium,0.08,0.48,
EMP0155,5,SK-132,4,1,3,High,0.08,0.72,
EMP0155,5,SK034,3,1,2,Medium,0.06,0.36,LR-016
EMP0155,5,SK-140,4,2,2,Medium,0.05,0.1,
EMP0155,5,SK-137,3,1,2,Medium,0.08,0.8,LR-014
EMP0155,5,SK042,4,1,3,High,0.15,1.35,LR-024
EMP0155,5,SK049,3,1,2,Medium,0.1,0.8,
EMP0155,5,SK044,3,1,2,Medium,0.08,0.64,LR-026
EMP0155,5,SK041,4,1,3,High,0.04,0.12,LR-031
EMP0156,10,SK021,2,1,1,Low,0.15,0.15,LR-003
EMP0156,10,SK022,3,1,2,Medium,0.2,1.2,
EMP0156,10,SK023,2,1,1,Low,0.1,0.3,
EMP0156,10,SK041,4,1,3,High,0.2,0.6,LR-031
EMP0156,10,SK046,3,2,1,Low,0.15,0.3,
EMP0156,10,SK-156,3,2,1,Low,0.1,0.2,
EMP0156,10,SK-167,2,1,1,Low,0.1,0.4,
EMP0157,15,SK-128,3,1,2,Medium,0.3,1.8,
EMP0157,15,SK-129,3,1,2,Medium,0.2,0.8,
EMP0157,15,SK011,2,1,1,Low,0.15,0.15,
EMP0157,15,SK041,3,2,1,Low,0.2,0.2,LR-031
EMP0157,15,SK043,3,2,1,Low,0.15,0.3,LR-032
EMP0158,18,SK-168,4,1,3,High,0.2,2.4,
EMP0158,18,SK-169,3,1,2,Medium,0.15,1.5,LR-029
EMP0158,18,SK042,4,1,3,High,0.2,1.8,LR-024
EMP0158,18,SK044,4,1,3,High,0.15,1.8,LR-026
EMP0158,18,SK-163,3,2,1,Low,0.15,0.45,
EMP0158,18,SK-173,3,1,2,Medium,0.1,0.8,LR-030
EMP0158,18,SK041,4,2,2,Medium,0.05,0.1,LR-031
EMP0159,8,SK021,3,2,1,Low,0.2,0.2,LR-003
EMP0159,8,SK001,2,1,1,Low,0.15,0.15,LR-001
EMP0159,8,SK027,2,1,1,Low,0.15,0.3,LR-002
EMP0159,8,SK022,3,1,2,Medium,0.2,1.2,
EMP0159,8,SK023,2,1,1,Low,0.15,0.45,
EMP0159,8,SK024,2,1,1,Low,0.1,0.2,LR-009
EMP0159,8,SK041,2,1,1,Low,0.05,0.05,LR-031
EMP0160,20,SK-185,2,2,0,,0.35,0.0,LR-040
EMP0160,20,SK-186,2,1,1,Low,0.2,0.4,
EMP0160,20,SK041,3,1,2,Medium,0.25,0.5,LR-031
EMP0160,20,SK048,2,1,1,Low,0.2,0.6,LR-033
EMP0161,17,SK-179,3,1,2,Medium,0.4,1.6,
EMP0161,17,SK-180,2,1,1,Low,0.25,0.75,LR-037
EMP0161,17,SK046,2,2,0,,0.15,0.0,
EMP0161,17,SK041,2,2,0,,0.1,0.0,LR-031
EMP0161,17,SK047,2,2,0,,0.1,0.0,
EMP0162,1,SK011,2,1,1,Low,0.2,0.2,
EMP0162,1,SK002,2,2,0,,0.25,0.0,
EMP0162,1,SK003,1,1,0,,0.15,0.0,
EMP0162,1,SK012,2,1,1,Low,0.25,0.75,LR-010
EMP0162,1,SK-140,1,2,0,,0.1,0.0,
EMP0162,1,SK041,1,2,0,,0.05,0.0,LR-031
EMP0163,1,SK011,2,2,0,,0.2,0.0,
EMP0163,1,SK002,2,1,1,Low,0.25,0.5,
EMP0163,1,SK003,1,1,0,,0.15,0.0,
EMP0163,1,SK012,2,3,0,,0.25,0.0,LR-010
EMP0163,1,SK-140,1,2,0,,0.1,0.0,
EMP0163,1,SK041,1,2,0,,0.05,0.0,LR-031
EMP0164,13,SK-175,3,2,1,Low,0.25,0.5,LR-035
EMP0164,13,SK-176,2,1,1,Low,0.2,0.6,LR-036
EMP0164,13,SK-177,2,1,1,Low,0.2,0.6,
EMP0164,13,SK-178,2,2,0,,0.15,0.0,
EMP0164,13,SK041,3,2,1,Low,0.1,0.1,LR-031
EMP0164,13,SK022,2,1,1,Low,0.1,0.3,
EMP0165,6,SK039,3,2,1,Low,0.15,0.15,
EMP0165,6,SK040,2,1,1,Low,0.1,0.2,
EMP0165,6,SK-140,3,3,0,,0.1,0.0,
EMP0165,6,SK034,3,2,1,Low,0.2,0.6,LR-016
EMP0165,6,SK035,2,1,1,Low,0.15,0.6,LR-017
EMP0165,6,SK036,3,2,1,Low,0.15,0.6,LR-018
EMP0165,6,SK031,2,2,0,,0.1,0.0,LR-019
EMP0165,6,SK037,1,1,0,,0.05,0.0,LR-021
EMP0166,3,SK001,2,2,0,,0.2,0.0,LR-001
EMP0166,3,SK017,2,2,0,,0.2,0.0,
EMP0166,3,SK-135,1,2,0,,0.1,0.0,
EMP0166,3,SK021,2,2,0,,0.2,0.0,LR-003
EMP0166,3,SK-132,2,1,1,Low,0.15,0.45,
EMP0166,3,SK-140,1,2,0,,0.1,0.0,
EMP0166,3,SK069,1,2,0,,0.05,0.0,LR-022
EMP0167,11,SK-183,2,1,1,Low,0.3,0.9,LR-039
EMP0167,11,SK-184,2,1,1,Low,0.25,0.75,
EMP0167,11,SK041,3,1,2,Medium,0.2,0.4,LR-031
EMP0167,11,SK045,2,2,0,,0.15,0.0,
EMP0167,11,SK047,2,1,1,Low,0.1,0.1,
EMP0168,6,SK039,3,1,2,Medium,0.15,0.3,
EMP0168,6,SK040,2,1,1,Low,0.1,0.2,
EMP0168,6,SK-140,3,1,2,Medium,0.1,0.2,
EMP0168,6,SK034,3,1,2,Medium,0.2,1.2,LR-016
EMP0168,6,SK035,2,1,1,Low,0.15,0.6,LR-017
EMP0168,6,SK036,3,1,2,Medium,0.15,1.2,LR-018
EMP0168,6,SK031,2,1,1,Low,0.1,0.3,LR-019
EMP0168,6,SK037,1,1,0,,0.05,0.0,LR-021
EMP0169,11,SK-183,2,1,1,Low,0.3,0.9,LR-039
EMP0169,11,SK-184,2,1,1,Low,0.25,0.75,
EMP0169,11,SK041,3,1,2,Medium,0.2,0.4,LR-031
EMP0169,11,SK045,2,2,0,,0.15,0.0,
EMP0169,11,SK047,2,1,1,Low,0.1,0.1,
EMP0170,8,SK021,3,2,1,Low,0.2,0.2,LR-003
EMP0170,8,SK001,2,1,1,Low,0.15,0.15,LR-001
EMP0170,8,SK027,2,1,1,Low,0.15,0.3,LR-002
EMP0170,8,SK022,3,1,2,Medium,0.2,1.2,
EMP0170,8,SK023,2,2,0,,0.15,0.0,
EMP0170,8,SK024,2,1,1,Low,0.1,0.2,LR-009
EMP0170,8,SK041,2,1,1,Low,0.05,0.05,LR-031
EMP0171,12,SK-183,4,2,2,Medium,0.2,1.2,LR-039
EMP0171,12,SK-184,3,2,1,Low,0.15,0.45,
EMP0171,12,SK042,4,2,2,Medium,0.2,1.2,LR-024
EMP0171,12,SK041,4,2,2,Medium,0.15,0.3,LR-031
EMP0171,12,SK-163,3,2,1,Low,0.15,0.45,
EMP0171,12,SK049,3,2,1,Low,0.1,0.4,
EMP0171,12,SK-173,2,1,1,Low,0.05,0.2,LR-030
EMP0172,8,SK021,3,2,1,Low,0.2,0.2,LR-003
EMP0172,8,SK001,2,3,0,,0.15,0.0,LR-001
EMP0172,8,SK027,2,1,1,Low,0.15,0.3,LR-002
EMP0172,8,SK022,3,1,2,Medium,0.2,1.2,
EMP0172,8,SK023,2,2,0,,0.15,0.0,
EMP0172,8,SK024,2,1,1,Low,0.1,0.2,LR-009
EMP0172,8,SK041,2,1,1,Low,0.05,0.05,LR-031
EMP0173,15,SK-128,3,1,2,Medium,0.3,1.8,
EMP0173,15,SK-129,3,2,1,Low,0.2,0.4,
EMP0173,15,SK011,2,2,0,,0.15,0.0,
EMP0173,15,SK041,3,1,2,Medium,0.2,0.4,LR-031
EMP0173,15,SK043,3,2,1,Low,0.15,0.3,LR-032
EMP0174,3,SK001,2,2,0,,0.2,0.0,LR-001
EMP0174,3,SK017,2,1,1,Low,0.2,0.6,
EMP0174,3,SK-135,1,2,0,,0.1,0.0,
EMP0174,3,SK021,2,1,1,Low,0.2,0.2,LR-003
EMP0174,3,SK-132,2,2,0,,0.15,0.0,
EMP0174,3,SK-140,1,3,0,,0.1,0.0,
EMP0174,3,SK069,1,1,0,,0.05,0.0,LR-022
EMP0175,15,SK-128,3,2,1,Low,0.3,0.9,
EMP0175,15,SK-129,3,1,2,Medium,0.2,0.8,
EMP0175,15,SK011,2,2,0,,0.15,0.0,
EMP0175,15,SK041,3,1,2,Medium,0.2,0.4,LR-031
EMP0175,15,SK043,3,1,2,Medium,0.15,0.6,LR-032
EMP0176,8,SK021,3,2,1,Low,0.2,0.2,LR-003
EMP0176,8,SK001,2,2,0,,0.15,0.0,LR-001
EMP0176,8,SK027,2,2,0,,0.15,0.0,LR-002
EMP0176,8,SK022,3,1,2,Medium,0.2,1.2,
EMP0176,8,SK023,2,1,1,Low,0.15,0.45,
EMP0176,8,SK024,2,1,1,Low,0.1,0.2,LR-009
EMP0176,8,SK041,2,1,1,Low,0.05,0.05,LR-031
EMP0177,20,SK-185,2,2,0,,0.35,0.0,LR-040
EMP0177,20,SK-186,2,2,0,,0.2,0.0,
EMP0177,20,SK041,3,2,1,Low,0.25,0.25,LR-031
EMP0177,20,SK048,2,1,1,Low,0.2,0.6,LR-033
EMP0178,10,SK021,2,1,1,Low,0.15,0.15,LR-003
EMP0178,10,SK022,3,1,2,Medium,0.2,1.2,
EMP0178,10,SK023,2,2,0,,0.1,0.0,
EMP0178,10,SK041,4,1,3,High,0.2,0.6,LR-031
EMP0178,10,SK046,3,1,2,Medium,0.15,0.6,
EMP0178,10,SK-156,3,1,2,Medium,0.1,0.4,
EMP0178,10,SK-167,2,1,1,Low,0.1,0.4,
EMP0179,22,SK-158,3,3,0,,0.35,0.0,
EMP0179,22,SK041,3,1,2,Medium,0.3,0.6,LR-031
EMP0179,22,SK043,2,2,0,,0.2,0.0,LR-032
EMP0179,22,SK-186,1,1,0,,0.15,0.0,
EMP0180,13,SK-175,3,1,2,Medium,0.25,1.0,LR-035
EMP0180,13,SK-176,2,2,0,,0.2,0.0,LR-036
EMP0180,13,SK-177,2,1,1,Low,0.2,0.6,
EMP0180,13,SK-178,2,1,1,Low,0.15,0.3,
EMP0180,13,SK041,3,1,2,Medium,0.1,0.2,LR-031
EMP0180,13,SK022,2,1,1,Low,0.1,0.3,
EMP0181,4,SK011,2,2,0,,0.1,0.0,
EMP0181,4,SK002,3,1,2,Medium,0.15,0.6,
EMP0181,4,SK003,2,1,1,Low,0.1,0.3,
EMP0181,4,SK012,2,1,1,Low,0.1,0.3,LR-010
EMP0181,4,SK016,2,1,1,Low,0.1,0.3,
EMP0181,4,SK-131,2,1,1,Low,0.1,0.3,LR-012
EMP0181,4,SK021,2,1,1,Low,0.15,0.15,LR-003
EMP0181,4,SK-132,2,1,1,Low,0.1,0.3,
EMP0181,4,SK-140,2,1,1,Low,0.05,0.05,
EMP0181,4,SK034,1,1,0,,0.05,0.0,LR-016
EMP0182,19,SK044,3,1,2,Medium,0.15,1.2,LR-026
EMP0182,19,SK-165,3,1,2,Medium,0.12,0.72,LR-025
EMP0182,19,SK052,2,1,1,Low,0.08,0.24,
EMP0182,19,SK041,4,2,2,Medium,0.15,0.3,LR-031
EMP0182,19,SK042,3,2,1,Low,0.12,0.36,LR-024
EMP0182,19,SK022,3,1,2,Medium,0.1,0.6,
EMP0182,19,SK-167,3,2,1,Low,0.1,0.4,
EMP0182,19,SK-163,3,2,1,Low,0.1,0.3,
EMP0182,19,SK-170,2,1,1,Low,0.08,0.4,LR-027
EMP0183,6,SK039,3,2,1,Low,0.15,0.15,
EMP0183,6,SK040,2,1,1,Low,0.1,0.2,
EMP0183,6,SK-140,3,1,2,Medium,0.1,0.2,
EMP0183,6,SK034,3,2,1,Low,0.2,0.6,LR-016
EMP0183,6,SK035,2,1,1,Low,0.15,0.6,LR-017
EMP0183,6,SK036,3,1,2,Medium,0.15,1.2,LR-018
EMP0183,6,SK031,2,2,0,,0.1,0.0,LR-019
EMP0183,6,SK037,1,1,0,,0.05,0.0,LR-021
EMP0184,6,SK039,3,2,1,Low,0.15,0.15,
EMP0184,6,SK040,2,1,1,Low,0.1,0.2,
EMP0184,6,SK-140,3,1,2,Medium,0.1,0.2,
EMP0184,6,SK034,3,1,2,Medium,0.2,1.2,LR-016
EMP0184,6,SK035,2,1,1,Low,0.15,0.6,LR-017
EMP0184,6,SK036,3,1,2,Medium,0.15,1.2,LR-018
EMP0184,6,SK031,2,2,0,,0.1,0.0,LR-019
EMP0184,6,SK037,1,1,0,,0.05,0.0,LR-021
EMP0185,1,SK011,2,2,0,,0.2,0.0,
EMP0185,1,SK002,2,1,1,Low,0.25,0.5,
EMP0185,1,SK003,1,1,0,,0.15,0.0,
EMP0185,1,SK012,2,1,1,Low,0.25,0.75,LR-010
EMP0185,1,SK-140,1,1,0,,0.1,0.0,
EMP0185,1,SK041,1,1,0,,0.05,0.0,LR-031
EMP0186,11,SK-183,2,1,1,Low,0.3,0.9,LR-039
EMP0186,11,SK-184,2,1,1,Low,0.25,0.75,
EMP0186,11,SK041,3,1,2,Medium,0.2,0.4,LR-031
EMP0186,11,SK045,2,1,1,Low,0.15,0.15,
EMP0186,11,SK047,2,1,1,Low,0.1,0.1,
EMP0187,10,SK021,2,2,0,,0.15,0.0,LR-003
EMP0187,10,SK022,3,1,2,Medium,0.2,1.2,
EMP0187,10,SK023,2,1,1,Low,0.1,0.3,
EMP0187,10,SK041,4,1,3,High,0.2,0.6,LR-031
EMP0187,10,SK046,3,1,2,Medium,0.15,0.6,
EMP0187,10,SK-156,3,1,2,Medium,0.1,0.4,
EMP0187,10,SK-167,2,3,0,,0.1,0.0,
EMP0188,7,SK069,2,1,1,Low,0.3,0.6,LR-022
EMP0188,7,SK070,2,1,1,Low,0.25,0.75,
EMP0188,7,SK001,1,1,0,,0.15,0.0,LR-001
EMP0188,7,SK-140,1,1,0,,0.1,0.0,
EMP0188,7,SK043,2,1,1,Low,0.1,0.2,LR-032
EMP0188,7,SK041,1,1,0,,0.1,0.0,LR-031
EMP0189,20,SK-185,2,1,1,Low,0.35,0.7,LR-040
EMP0189,20,SK-186,2,1,1,Low,0.2,0.4,
EMP0189,20,SK041,3,2,1,Low,0.25,0.25,LR-031
EMP0189,20,SK048,2,1,1,Low,0.2,0.6,LR-033
EMP0190,3,SK001,2,1,1,Low,0.2,0.2,LR-001
EMP0190,3,SK017,2,2,0,,0.2,0.0,
EMP0190,3,SK-135,1,1,0,,0.1,0.0,
EMP0190,3,SK021,2,1,1,Low,0.2,0.2,LR-003
EMP0190,3,SK-132,2,1,1,Low,0.15,0.45,
EMP0190,3,SK-140,1,1,0,,0.1,0.0,
EMP0190,3,SK069,1,1,0,,0.05,0.0,LR-022
EMP0191,6,SK039,3,2,1,Low,0.15,0.15,
EMP0191,6,SK040,2,1,1,Low,0.1,0.2,
EMP0191,6,SK-140,3,2,1,Low,0.1,0.1,
EMP0191,6,SK034,3,1,2,Medium,0.2,1.2,LR-016
EMP0191,6,SK035,2,1,1,Low,0.15,0.6,LR-017
EMP0191,6,SK036,3,1,2,Medium,0.15,1.2,LR-018
EMP0191,6,SK031,2,1,1,Low,0.1,0.3,LR-019
EMP0191,6,SK037,1,1,0,,0.05,0.0,LR-021
EMP0192,6,SK039,3,1,2,Medium,0.15,0.3,
EMP0192,6,SK040,2,1,1,Low,0.1,0.2,
EMP0192,6,SK-140,3,1,2,Medium,0.1,0.2,
EMP0192,6,SK034,3,1,2,Medium,0.2,1.2,LR-016
EMP0192,6,SK035,2,1,1,Low,0.15,0.6,LR-017
EMP0192,6,SK036,3,1,2,Medium,0.15,1.2,LR-018
EMP0192,6,SK031,2,1,1,Low,0.1,0.3,LR-019
EMP0192,6,SK037,1,1,0,,0.05,0.0,LR-021
EMP0193,2,SK011,3,1,2,Medium,0.1,0.2,
EMP0193,2,SK002,4,1,3,High,0.2,1.2,
EMP0193,2,SK003,3,1,2,Medium,0.15,0.9,
EMP0193,2,SK012,4,1,3,High,0.2,1.8,LR-010
EMP0193,2,SK015,3,1,2,Medium,0.15,1.2,LR-011
EMP0193,2,SK-140,3,1,2,Medium,0.05,0.1,
EMP0193,2,SK-128,2,1,1,Low,0.05,0.15,
EMP0193,2,SK042,2,1,1,Low,0.05,0.15,LR-024
EMP0193,2,SK049,1,1,0,,0.05,0.0,
EMP0194,9,SK021,4,1,3,High,0.12,0.36,LR-003
EMP0194,9,SK001,3,2,1,Low,0.1,0.1,LR-001
EMP0194,9,SK027,3,1,2,Medium,0.1,0.4,LR-002
EMP0194,9,SK028,3,1,2,Medium,0.08,0.32,
EMP0194,9,SK022,4,1,3,High,0.15,1.35,
EMP0194,9,SK025,3,1,2,Medium,0.12,0.96,LR-005
EMP0194,9,SK-113,2,1,1,Low,0.08,0.32,LR-007
EMP0194,9,SK023,3,1,2,Medium,0.1,0.6,
EMP0194,9,SK024,3,1,2,Medium,0.05,0.2,LR-009
EMP0194,9,SK042,2,1,1,Low,0.05,0.15,LR-024
EMP0194,9,SK-156,3,1,2,Medium,0.05,0.2,
EMP0195,15,SK-128,3,2,1,Low,0.3,0.9,
EMP0195,15,SK-129,3,1,2,Medium,0.2,0.8,
EMP0195,15,SK011,2,1,1,Low,0.15,0.15,
EMP0195,15,SK041,3,1,2,Medium,0.2,0.4,LR-031
EMP0195,15,SK043,3,1,2,Medium,0.15,0.6,LR-032
EMP0196,10,SK021,2,1,1,Low,0.15,0.15,LR-003
EMP0196,10,SK022,3,2,1,Low,0.2,0.6,
EMP0196,10,SK023,2,1,1,Low,0.1,0.3,
EMP0196,10,SK041,4,1,3,High,0.2,0.6,LR-031
EMP0196,10,SK046,3,1,2,Medium,0.15,0.6,
EMP0196,10,SK-156,3,2,1,Low,0.1,0.2,
EMP0196,10,SK-167,2,1,1,Low,0.1,0.4,
EMP0197,3,SK001,2,2,0,,0.2,0.0,LR-001
EMP0197,3,SK017,2,2,0,,0.2,0.0,
EMP0197,3,SK-135,1,1,0,,0.1,0.0,
EMP0197,3,SK021,2,3,0,,0.2,0.0,LR-003
EMP0197,3,SK-132,2,2,0,,0.15,0.0,
EMP0197,3,SK-140,1,1,0,,0.1,0.0,
EMP0197,3,SK069,1,2,0,,0.05,0.0,LR-022
EMP0198,7,SK069,2,2,0,,0.3,0.0,LR-022
EMP0198,7,SK070,2,1,1,Low,0.25,0.75,
EMP0198,7,SK001,1,2,0,,0.15,0.0,LR-001
EMP0198,7,SK-140,1,1,0,,0.1,0.0,
EMP0198,7,SK043,2,1,1,Low,0.1,0.2,LR-032
EMP0198,7,SK041,1,2,0,,0.1,0.0,LR-031
EMP0199,1,SK011,2,2,0,,0.2,0.0,
EMP0199,1,SK002,2,2,0,,0.25,0.0,
EMP0199,1,SK003,1,1,0,,0.15,0.0,
EMP0199,1,SK012,2,2,0,,0.25,0.0,LR-010
EMP0199,1,SK-140,1,2,0,,0.1,0.0,
EMP0199,1,SK041,1,2,0,,0.05,0.0,LR-031
EMP0200,20,SK-185,2,1,1,Low,0.35,0.7,LR-040
EMP0200,20,SK-186,2,2,0,,0.2,0.0,
EMP0200,20,SK041,3,1,2,Medium,0.25,0.5,LR-031
EMP0200,20,SK048,2,1,1,Low,0.2,0.6,LR-033
